PLAYER,SEASON,TEAM,AGE,GP,W,L,MIN,PTS,FGM,FGA,FG%,3PM,3PA,3P%,FTM,FTA,FT%,OREB,DREB,REB,AST,TOV,STL,BLK,PF,FP,DD2,TD3,+/-
Luka Doncic,2023,DAL,24,10,8,2,35.8,32.6,11.2,21.3,52.6,4.3,10.3,41.7,5.9,7.5,78.7,0.6,7.8,8.4,8.5,4.2,1.3,0.5,1.9,56.6,6,2,7.5
Joel Embiid,2023,PHI,29,9,8,1,33.7,32.4,11,21.8,50.5,1.3,3.7,36.4,9.1,10.8,84.5,3.4,8.2,11.7,5.7,3.8,0.7,2.1,2.4,59.5,7,0,7.8
Devin Booker,2023,PHX,27,2,1,1,36.1,31.5,11.5,20,57.5,4,7.5,53.3,4.5,4.5,100,1,6.5,7.5,10.5,5.5,0.5,0,4,52.3,1,0,1.5
De'Aaron Fox,2023,SAC,25,3,2,1,35.5,31.3,11.3,23.3,48.6,3,8,37.5,5.7,7,81,1,3.3,4.3,6,2.7,1.3,0.7,4,48.9,0,0,10
Stephen Curry,2023,GSW,35,11,6,5,32.5,30.7,9.5,19.5,48.8,5.6,12.6,44.6,6,6.5,93,0.9,3.7,4.6,3.9,3.7,1,0.2,1.5,42,0,0,0
Kevin Durant,2023,PHX,35,10,4,6,36.7,30,10.1,20.3,49.8,1.8,4.2,42.9,8,9.4,85.1,0.5,6.6,7.1,4.6,4.1,0.9,1.2,1.6,47.6,2,0,2.9
Nikola Jokic,2023,DEN,28,10,8,2,34.6,29.8,12,19.8,60.6,1.5,4.5,33.3,4.3,5.7,75.4,3.4,10.3,13.7,8.3,3.4,1,0.8,2.2,60.7,10,4,11.7
Donovan Mitchell,2023,CLE,27,8,4,4,35.9,29.5,10.6,21.9,48.6,3.3,9,36.1,5,5.5,90.9,1.1,4,5.1,5.5,2.6,2.3,0.6,2.4,49.9,0,0,3.6
Giannis Antetokounmpo,2023,MIL,28,10,6,4,32.5,29.5,11,18.9,58.2,0.6,2.4,25,6.9,10.8,63.9,2.3,7.3,9.6,3.6,4.3,0.9,1.3,2.9,48.7,6,0,2.5
Shai Gilgeous-Alexander,2023,OKC,25,9,6,3,35.6,29.4,11.2,21.3,52.6,1.2,3.9,31.4,5.8,6.4,89.7,0.7,6.3,7,6,2.3,2.1,0.8,2.2,53.2,2,0,5.4
Tyrese Maxey,2023,PHI,23,9,8,1,37.9,28.6,10.3,20.4,50.5,3.4,8,43.1,4.4,4.8,93,0.9,4.6,5.4,7.2,1.1,1,1,1.9,50.8,4,0,11.1
Anthony Edwards,2023,MIN,22,9,7,2,35.9,28.4,10.4,21.4,48.7,2.4,6.8,36.1,5.1,6.1,83.6,0.9,5.3,6.2,5.4,3.7,1.3,0.3,1.8,45.4,1,0,13.4
Jayson Tatum,2023,BOS,25,10,8,2,36.2,28.4,10.2,19.4,52.6,3.5,8.8,39.8,4.5,5.7,78.9,0.6,8.3,8.9,3.9,2.7,1.2,0.2,2.3,46.4,5,0,17.8
Cam Thomas,2023,BKN,22,8,4,4,32.4,26.9,9.9,20.6,47.9,2.1,6.6,32.1,5,5.9,85.1,0.3,3.5,3.8,2.1,1.3,0.9,0.6,1.9,37.8,0,0,-0.4
Desmond Bane,2023,MEM,25,10,2,8,35.4,26.5,9.8,21.6,45.4,3.5,9.9,35.4,3.4,4.1,82.9,0.7,4.1,4.8,4.5,2.7,1.6,1,3.2,44.1,0,0,-2.5
LeBron James,2023,LAL,38,9,4,5,35,25.2,9.7,17,56.9,1.8,5.1,34.8,4.1,6.2,66.1,0.6,7.9,8.4,5.4,4.1,1.3,1,1.6,46.4,3,0,3.4
Trae Young,2023,ATL,25,9,5,4,35.7,24.4,6.7,18.7,35.7,2.2,7.6,29.4,8.9,9.9,89.9,0.8,2.1,2.9,10.2,4.2,1.6,0,1.4,43.7,6,0,1.1
Lauri Markkanen,2023,UTA,26,10,3,7,33.5,24.2,8.1,16.7,48.5,4.1,9.2,44.6,3.9,4.4,88.6,2.4,6.2,8.6,1.6,1.7,0.9,0.8,2.5,40.3,4,0,-4.3
Kyle Kuzma,2023,WAS,28,10,2,8,30.3,24.1,9.6,19.8,48.5,2.4,6.8,35.3,2.5,3.2,78.1,1.2,4.9,6.1,3,2.2,0.2,0.5,1.7,35.8,1,0,-11.4
Anthony Davis,2023,LAL,30,9,5,4,37.2,23.9,8.7,16.4,52.7,0.3,0.9,37.5,6.2,7,88.9,3.1,8.9,12,3.7,1.3,0.8,3,2.9,53.8,7,0,-3.6
Tyrese Haliburton,2023,IND,23,9,6,3,33.2,23.8,8.3,16.1,51.7,3,7.3,40.9,4.1,4.3,94.9,0.4,3.4,3.9,12.2,2.3,1,0.7,1.1,49.4,8,0,6.9
Paul George,2023,LAC,33,9,3,6,33.4,23.6,7.4,15.9,46.9,3.1,7.9,39.4,5.6,6,92.6,0.6,4.8,5.3,3.7,3.2,2.3,0.1,2.7,39.6,0,0,6.8
Bam Adebayo,2023,MIA,26,9,6,3,34.6,23.2,8.4,16,52.8,0.1,0.2,50,6.2,7.8,80,2.6,7.9,10.4,3.8,3.1,1.2,1.4,2.2,46.3,5,1,0.2
Kyrie Irving,2023,DAL,31,8,6,2,33.6,23,8.5,18.5,45.9,2.8,6.9,40,3.3,3.6,89.7,0.8,3.6,4.4,6.8,1.8,1.4,0.5,1.9,42.3,2,0,4.1
Jaylen Brown,2023,BOS,27,10,8,2,33.7,22.9,8.5,18.5,45.9,2.8,7.7,36.4,3.1,4.2,73.8,0.5,4.7,5.2,3.2,2.5,1,0.4,2.7,35.6,0,0,8.4
Tyler Herro,2023,MIA,23,8,4,4,34,22.9,8.5,19,44.7,3.1,7.6,41,2.8,3.1,88,0.4,4.6,5,4.6,2.5,1.4,0,1.6,37.4,1,0,-1.4
Jerami Grant,2023,POR,29,9,3,6,37.5,22.8,7.6,18.1,41.7,2.3,6.6,35.6,5.3,6.9,77.4,1.1,3.8,4.9,1.9,2.8,0.4,1,2.4,33,0,0,-5.2
Damian Lillard,2023,MIL,33,8,6,2,33.5,22.8,5.9,15.9,37,2.3,8.4,26.9,8.8,9.4,93.3,0.8,3.5,4.3,4.8,2.9,1,0.1,1.1,35.5,0,0,-6.8
Jalen Brunson,2023,NYK,27,10,5,5,34.3,22.6,8,18.9,42.3,2.6,6,43.3,4,4.9,81.6,0.7,2.6,3.3,4.3,2.2,1.1,0,1.9,34.1,0,0,3.1
Brandon Ingram,2023,NOP,26,7,2,5,33.8,22.6,9.3,19,48.9,1,4.7,21.2,3,4.1,72.4,0.6,4.7,5.3,4.7,3.3,0.4,0.3,2,34.8,0,0,-9.9
RJ Barrett,2023,NYK,23,7,5,2,31.2,22.6,7.9,16.1,48.7,2.9,5.7,50,4,4.7,84.8,0.6,2.9,3.4,3.1,2.1,0.6,0.3,1.1,31.8,0,0,10.9
Cade Cunningham,2023,DET,22,11,2,9,36.1,22.5,8.4,20.5,40.9,1.9,6.5,29.6,3.8,4.4,87.5,0.5,3.2,3.6,6.9,4.9,0.5,0.3,3.4,34.7,2,0,-6.4
Terry Rozier,2023,CHA,29,5,2,3,35.9,22,8.4,18,46.7,1.6,6.2,25.8,3.6,4.4,81.8,0.8,3.2,4,5,2.2,0.6,0.4,0.8,35.1,0,0,-2.2
Zach LaVine,2023,CHI,28,11,4,7,35.1,21.9,7.2,17.5,40.9,2.3,7.4,30.9,5.3,6,87.9,0.5,4.4,4.8,3,2.1,0.8,0.3,2,33.4,0,0,-4.9
Dejounte Murray,2023,ATL,27,9,5,4,34.4,21.9,8.2,16.6,49.7,2.6,6.1,41.8,2.9,3.6,81.3,0.7,3.9,4.6,5.6,2.8,1.3,0.4,1.3,38.2,0,0,5.7
CJ McCollum,2023,NOP,32,6,4,2,34.3,21.7,7.3,16.7,44,3.2,8.3,38,3.8,5.2,74.2,0.8,4,4.8,5.7,1.3,1.5,0.8,2.3,41.6,1,0,-3.7
Zion Williamson,2023,NOP,23,8,3,5,31.5,21.6,8.6,16.8,51.5,0,0.1,0,4.4,7.1,61.4,2.9,3.6,6.5,4.1,2.9,0.6,0.1,2.8,35,2,0,-6.9
LaMelo Ball,2023,CHA,22,9,3,6,32.8,21.6,7.6,17.6,43,2.9,8,36.1,3.6,4.3,82.1,1.9,3.4,5.3,8.3,3.6,1.4,0.3,3.9,42.2,3,1,-7.3
DeMar DeRozan,2023,CHI,34,11,4,7,34.9,21.2,7.5,17.2,43.4,0.7,2.3,32,5.5,6.5,84.7,1.2,1.8,3,4.5,0.8,1.1,1.1,2.2,37.2,0,0,-6.1
Kawhi Leonard,2023,LAC,32,9,3,6,33.5,21.1,8,17.1,46.8,2.6,6.2,41.1,2.6,3.3,76.7,1.2,4.3,5.6,3.9,1.6,1.3,0.4,1.8,37.4,0,0,5
Jaren Jackson Jr.,2023,MEM,24,10,2,8,31.6,20.5,7.1,15.1,47,1.6,5,32,4.7,5.7,82.5,1.7,4.8,6.5,2.3,1.9,0.4,1.8,3.3,36.5,1,0,-5.2
Mikal Bridges,2023,BKN,27,10,5,5,34.5,20.2,7.5,16.7,44.9,1.8,6.7,26.9,3.4,4,85,1.4,4.9,6.3,3.7,2.1,1,0.5,1.9,35.7,1,0,-2.2
Scottie Barnes,2023,TOR,22,10,5,5,36.1,20.1,7.6,16.4,46.3,1.8,5.3,34,3.1,4.1,75.6,2.8,6.9,9.7,5.6,2.5,1.8,1.8,2.4,48.4,5,1,0.7
Shaedon Sharpe,2023,POR,20,9,3,6,39.5,19.8,6.8,15.2,44.5,2.3,6.2,37.5,3.9,4.7,83.3,1.7,3.3,5,3,3.2,0.9,0.7,2.8,31.7,0,0,-3.9
Kristaps Porzingis,2023,BOS,28,10,8,2,30.2,19.7,6.5,11.5,56.5,2,4.9,40.8,4.7,5.6,83.9,1.3,4.9,6.2,1.9,1.2,0.4,1.3,3.4,33.9,0,0,11.4
Victor Wembanyama,2023,SAS,19,10,3,7,30.2,19.7,7.2,16.1,44.7,1.7,5.7,29.8,3.6,4.7,76.6,2,6.8,8.8,2.5,3.8,1.1,2.4,2.6,40.7,4,0,-2.9
Tobias Harris,2023,PHI,31,9,8,1,36.4,19.7,7.2,12.8,56.5,1.2,3.3,36.7,4,4.4,90,1.2,5.3,6.6,2.8,2.2,0.9,0.6,1.8,33.8,1,0,8.6
Pascal Siakam,2023,TOR,29,10,5,5,35.1,19.5,7.6,16.3,46.6,1.2,4.9,24.5,3.1,4.4,70.5,1.2,6.1,7.3,4.8,2.7,0.9,0.1,2.5,35.8,2,0,2.9
Alperen Sengun,2023,HOU,21,9,6,3,31.4,19.4,8.3,13.9,60,0.4,1.8,25,2.3,3.8,61.8,2.6,5.7,8.2,6,2.1,1,0.4,2.8,40.5,2,0,6.3
Karl-Anthony Towns,2023,MIN,27,9,7,2,32.6,19.2,7.2,16,45.1,1.9,5.4,34.7,2.9,3.2,89.7,1,8.3,9.3,2.3,2.4,0.9,0.7,3,36.1,5,0,6.9
Jalen Green,2023,HOU,21,9,6,3,32.1,19,6,14.6,41.2,2,5,40,5,6.4,77.6,0.4,4.2,4.7,2.7,2.1,0.7,0.3,1.6,29.5,0,0,6.3
Paolo Banchero,2023,ORL,21,9,5,4,33.9,18.9,6.7,14.1,47.2,0.9,2.7,33.3,4.7,7,66.7,1.6,5.3,6.9,5.3,3.7,1.4,0.3,2.9,36.8,2,0,-0.4
Caris LeVert,2023,CLE,29,8,4,4,33.8,18.8,6.5,15.6,41.6,2.1,6.4,33.3,3.6,5,72.5,0.5,4,4.5,4.3,1.4,1.3,0.5,1.9,34.4,0,0,1.6
Franz Wagner,2023,ORL,22,9,5,4,33.6,18.6,6.8,16.6,40.9,1.8,5.6,32,3.2,3.8,85.3,1.2,4.6,5.8,3.2,2.4,1.2,0.3,2.6,32.5,0,0,-0.2
Jimmy Butler,2023,MIA,34,8,5,3,33.8,18.5,5.8,13.6,42.2,1,2.1,47.1,6,6.9,87.3,2.6,3.5,6.1,3.5,1.4,1.4,0.4,0.6,35,1,0,1.5
Anfernee Simons,2023,POR,24,1,0,1,27.4,18,6,14,42.9,2,6,33.3,4,4,100,1,1,2,4,0,2,0,2,32.4,0,0,-27
Devin Vassell,2023,SAS,23,8,3,5,29.4,18,6.4,12.6,50.5,2.6,6.1,42.9,2.6,3.5,75,0.5,3.1,3.6,2.6,1.4,0.9,0,0.9,27.5,0,0,-3.1
Julius Randle,2023,NYK,28,10,5,5,34,18,5.8,17.1,33.9,1.7,6.6,25.8,4.7,6.7,70.1,2.3,8,10.3,4.9,3,1,0,2.6,37.7,7,0,2.3
Kevin Knox II,2023,DET,24,1,0,1,24,18,7,8,87.5,4,5,80,0,0,0,0,3,3,1,0,1,0,2,26.1,0,0,-3
Myles Turner,2023,IND,27,10,6,4,27.4,18,6.4,12.3,52,2,4.9,40.8,3.2,4,80,1.5,6.4,7.9,1.6,1.7,0.5,1.8,3.3,35.1,3,0,3.3
Jalen Williams,2023,OKC,22,10,6,4,33.8,17.9,6.6,12.6,52.4,1.1,3,36.7,3.6,4.2,85.7,0.3,3.9,4.2,3.6,2.2,0.8,0.3,3.1,29.4,0,0,1
Nikola Vucevic,2023,CHI,33,11,4,7,34.7,17.6,7.5,15.5,48.5,1.1,3.4,32.4,1.5,1.9,76.2,3,7.9,10.9,2.9,1.6,1,0.6,2.8,38.4,6,0,-4.4
Tim Hardaway Jr.,2023,DAL,31,10,8,2,28.5,17.6,5.9,13.9,42.4,3.5,9.2,38,2.3,2.3,100,0.4,3.9,4.3,1.6,1,0.3,0,0.7,25.1,0,0,2.8
Darius Garland,2023,CLE,23,5,3,2,33.3,17.4,6,12.8,46.9,1,4,25,4.4,5.2,84.6,0.8,2,2.8,6.2,5.6,2.2,0.4,2.4,32.3,0,0,3
Domantas Sabonis,2023,SAC,27,8,4,4,34.7,17.4,6.8,12,56.3,0.3,1,25,3.6,6,60.4,4.1,8.8,12.9,7,3.6,1,0.9,3.4,45.3,7,1,-5.9
Bradley Beal,2023,PHX,30,3,1,2,28.5,17.3,6,15.3,39.1,1.7,5,33.3,3.7,5.3,68.8,1,4.3,5.3,3.7,3,0.7,0.3,3,29.2,0,0,-5.3
D'Angelo Russell,2023,LAL,27,10,5,5,33.4,17.3,6.5,14.5,44.8,1.6,5.6,28.6,2.7,3.2,84.4,0.3,3,3.3,6.9,1.9,0.5,0.7,2.6,33.3,1,0,-2.2
Malcolm Brogdon,2023,POR,30,8,3,5,27.8,17.3,6.1,15.1,40.5,2,5.9,34,3,3.8,80,1,3.8,4.8,5.5,1.6,0.8,0,1.4,31.8,2,0,1.1
Fred VanVleet,2023,HOU,29,9,6,3,35.9,17.2,5.9,15.3,38.4,3.1,8.4,36.8,2.3,2.7,87.5,0.2,3.2,3.4,7.9,1.7,0.6,0.3,2.1,34.2,3,0,5.8
Gordon Hayward,2023,CHA,33,9,3,6,32.7,17.2,6.7,14.2,46.9,1,2.6,39.1,2.9,4.1,70.3,1.1,4.1,5.2,5.2,1.9,1.7,0.7,2,36.4,0,0,-2.3
Michael Porter Jr.,2023,DEN,25,10,8,2,29.6,16.9,6.6,13.9,47.5,2.7,7.4,36.5,1,1.1,90.9,2,6.2,8.2,1.8,0.9,0.4,0.9,2.3,32.4,2,0,8.6
Jordan Clarkson,2023,UTA,31,10,3,7,31.3,16.5,5.9,15.2,38.8,1.5,5.2,28.8,3.2,3.8,84.2,1.6,2,3.6,4.9,3.7,0.8,0.2,1.5,27.5,0,0,-4.4
Chet Holmgren,2023,OKC,21,10,6,4,30.1,16.4,5.6,10.2,54.9,1.8,3.6,50,3.4,3.8,89.5,1.6,6,7.6,2.6,2,0.9,2.3,3.3,37,3,0,2.5
OG Anunoby,2023,TOR,26,8,4,4,31.4,16.4,6.3,12.3,51,2.8,7,39.3,1.1,1.9,60,0.6,3.4,4,1.8,1.6,1.3,0.6,2.3,27.8,0,0,5.8
Jamal Murray,2023,DEN,26,7,6,1,30.9,16.3,6,13.9,43.3,2,4.6,43.8,2.3,2.7,84.2,0.4,2.1,2.6,7.4,2.3,0.3,0.7,1.9,31.2,2,0,1.6
Kelly Oubre Jr.,2023,PHI,27,8,7,1,29,16.3,5.9,11.8,50,1.8,4.6,37.8,2.8,3.5,78.6,1.4,3.8,5.1,0.6,0.9,1.4,0.4,2.4,27.7,0,0,4.8
Jordan Poole,2023,WAS,24,10,2,8,28.7,16.2,6.1,14.8,41.2,2,6.6,30.3,2,2.6,76.9,0.5,1.9,2.4,3.7,2.8,1.3,0.6,3.1,27.5,0,0,-13.1
Evan Mobley,2023,CLE,22,9,4,5,32.7,16.1,6.6,12.9,50.9,0.1,0.7,16.7,2.9,3.8,76.5,2.8,7.3,10.1,3,2,0.8,2,2.8,39.1,4,0,-1.6
Klay Thompson,2023,GSW,33,10,5,5,31.3,16.1,6,14.1,42.6,2.6,7.5,34.7,1.5,1.8,83.3,0.7,3.2,3.9,2,2,0.4,0.6,2.5,24.8,0,0,-0.6
P.J. Washington,2023,CHA,25,9,3,6,32.7,15.6,6.3,13.3,47.5,1.2,4.6,26.8,1.7,2.3,71.4,1.2,4.2,5.4,2.2,1.3,0.4,0.7,2.8,27.4,2,0,-7.2
Lonnie Walker IV,2023,BKN,24,9,5,4,21.4,15.4,5.7,11,51.5,2.2,4.9,45.5,1.9,2.4,77.3,0.1,2.9,3,2.2,1.1,0.6,0.6,1,24.6,0,0,5
Dennis Schroder,2023,TOR,30,10,5,5,32.3,15.4,5.4,12.5,43.2,1.7,4.7,36.2,2.9,3.5,82.9,0.7,1.9,2.6,7.7,1.9,1,0.2,1.6,31.8,4,0,1.6
Keldon Johnson,2023,SAS,24,10,3,7,32.3,15.3,6,13.6,44.1,1.6,5.1,31.4,1.7,2.5,68,0.8,5.3,6.1,4.3,1.2,0.8,0.3,2.9,31.2,1,0,-7.6
Alec Burks,2023,DET,32,5,2,3,24.6,15.2,4,9.2,43.5,3.2,6.4,50,4,4.8,83.3,0.4,2.8,3.2,2.6,0,0.2,0.6,1.6,25.3,0,0,10.6
John Collins,2023,UTA,26,10,3,7,31.1,15,5.6,10.3,54.4,1.5,3.5,42.9,2.3,3.2,71.9,2.5,5.5,8,0.9,1.3,0.6,0.7,3.5,28.6,4,0,-5.8
Mark Williams,2023,CHA,21,9,3,6,25.3,14.8,5.9,8.1,72.6,0,0,0,3,4,75,3.9,5.3,9.2,1.2,1.3,1,0.8,2.2,31.7,3,0,-1.2
Russell Westbrook,2023,LAC,35,9,3,6,31.4,14.7,6.2,13,47.9,1.1,3.4,32.3,1.1,1.9,58.8,1.6,5.6,7.1,6,3.3,1.9,0.3,2.9,35.5,2,0,4
Immanuel Quickley,2023,NYK,24,10,5,5,24.4,14.5,5,11.2,44.6,1.9,5.1,37.3,2.6,2.9,89.7,0.4,3.3,3.7,3.8,1.3,0.5,0,1.4,24.8,0,0,1.8
Malik Monk,2023,SAC,25,8,4,4,23.7,14.4,4.4,11.1,39.3,2,5.9,34,3.6,4.4,82.9,0.9,1.6,2.5,5.6,2.3,0.4,0.8,1.6,26.9,1,0,-0.4
Jalen Johnson,2023,ATL,21,9,5,4,29.3,14.2,5.9,10,58.9,1,2.9,34.6,1.4,2.2,65,1.8,6.6,8.3,2.6,2.1,1,0.7,2.6,30.9,2,0,6.9
Zach Collins,2023,SAS,25,10,3,7,29.8,14,5.6,10.5,53.3,1,3.7,27,1.8,2.5,72,1.6,4.4,6,4,2.6,0.6,1.1,3.4,29.7,1,0,-5.5
Austin Reaves,2023,LAL,25,10,5,5,32,13.8,4.9,11.2,43.8,1.4,4.4,31.8,2.6,3.1,83.9,1,3,4,4.3,2.4,1.3,0.1,1.6,26.9,1,0,-7.5
Luguentz Dort,2023,OKC,24,10,6,4,30.3,13.8,4.4,8.8,50,2.3,4.8,47.9,2.7,3.3,81.8,1.4,3.4,4.8,1.3,1.2,1.4,1.1,3,27.8,0,0,-0.8
De'Andre Hunter,2023,ATL,25,9,5,4,30.6,13.8,4.7,10.4,44.7,1.7,5,33.3,2.8,3.4,80.6,0.4,3.6,4,1.3,1.6,1,0.4,3.3,23.4,0,0,2.3
Max Strus,2023,CLE,27,9,4,5,35,13.8,4.9,11.9,41.1,2.7,7.8,34.3,1.3,1.6,85.7,0.4,5.7,6.1,3.3,1,0.7,0.7,2.3,29.1,2,0,1.7
Keegan Murray,2023,SAC,23,8,4,4,34.3,13.8,5.1,14.4,35.7,2.1,8.3,25.8,1.4,1.6,84.6,2,4.8,6.8,2,1.4,1.5,0.9,2.5,30.6,1,0,-1.6
Aaron Gordon,2023,DEN,28,10,8,2,31.9,13.7,5.8,10.5,55.2,0.6,2,30,1.5,2.8,53.6,2.3,4.9,7.2,3.9,2,1.3,1.2,1.9,33.7,3,0,10.7
Dillon Brooks,2023,HOU,27,9,6,3,30.9,13.7,4.8,8.7,55.1,1.8,3.3,53.3,2.3,2.8,84,0.4,3.8,4.2,2,2,1.1,0.1,3.4,23.4,0,0,7.7
Cole Anthony,2023,ORL,23,9,5,4,23.5,13.6,4.2,9.7,43.7,1.3,3.7,36.4,3.8,4.8,79.1,0.7,3.2,3.9,2.8,2,0.8,0.3,2.4,23.7,0,0,-3.9
Eric Gordon,2023,PHX,34,9,4,5,29.6,13.6,5.6,12.4,44.6,2.1,6.2,33.9,0.3,0.3,100,0.6,1.7,2.2,3,1.4,1,0.4,1,23.6,0,0,-0.1
James Harden,2023,LAC,34,4,0,4,31.3,13.5,4.3,9,47.2,1.8,4.8,36.8,3.3,3.3,100,0.5,4.5,5,4.3,2.5,1.5,0.3,0.5,28.6,0,0,-16.8
Bennedict Mathurin,2023,IND,21,10,6,4,25.6,13.4,5,11.6,43.1,1.2,3.9,30.8,2.2,2.9,75.9,1.7,2.8,4.5,2.5,1.4,0.8,0.2,1.4,24.2,1,0,-0.4
Marcus Smart,2023,MEM,29,10,2,8,32.1,13.4,5,11.6,43.1,1.7,5.9,28.8,1.7,2.1,81,0.3,2.3,2.6,5.4,3.7,2.1,0.3,3.5,28.1,0,0,-4.6
Naz Reid,2023,MIN,24,9,7,2,22.4,13.3,4.9,9.3,52.4,1.9,4.4,42.5,1.7,1.8,93.8,1,3.4,4.4,0.9,1,0.7,0.4,1,22.3,0,0,6.1
Buddy Hield,2023,IND,30,10,6,4,22.9,13.1,4.9,11.7,41.9,3.2,8.3,38.6,0.1,0.2,50,0.7,2.7,3.4,3,1.5,0.6,0.7,1.3,24.1,0,0,2.8
Bogdan Bogdanovic,2023,ATL,31,9,5,4,25,13,4.9,11.3,43.1,2.8,7.7,36.2,0.4,0.4,100,0.3,2.3,2.7,3,1,1.6,0.3,1.9,25.4,0,0,3.6
Jrue Holiday,2023,BOS,33,10,8,2,34,12.9,5,11.1,45,1.6,4.4,36.4,1.3,1.5,86.7,2,5.3,7.3,5.5,1.9,0.6,1,1.7,32.8,4,0,11.6
Duncan Robinson,2023,MIA,29,10,6,4,27.8,12.8,4.8,10.7,44.9,2.5,7,35.7,0.7,0.8,87.5,0.4,2.1,2.5,2.2,1.1,0.4,0.1,2.1,19.5,0,0,-0.5
Brandon Miller,2023,CHA,20,9,3,6,28.8,12.8,4.9,11,44.4,1.1,4,27.8,1.9,2.4,77.3,1.4,2.8,4.2,1.6,0.9,0.4,0.6,3.2,22.3,0,0,-2.3
Norman Powell,2023,LAC,30,9,3,6,24.3,12.7,4.6,8.7,52.6,2,4.6,43.9,1.6,2.3,66.7,0.1,1.9,2,1.4,1.3,0.6,0.6,2.4,19.2,0,0,-5.3
Coby White,2023,CHI,23,11,4,7,31.6,12.6,4.6,11.7,39.5,1.8,5.7,31.7,1.5,1.9,81,0.3,2.7,3,4.4,1.5,1.1,0.3,2.5,25.3,0,0,-1.7
Jalen Duren,2023,DET,19,8,2,6,28.8,12.6,5.8,9.3,62.2,0,0.1,0,1.1,1.5,75,3.5,7.1,10.6,3.1,2.8,0.6,1.1,3.5,32.6,5,0,-5.3
Jordan Hawkins,2023,NOP,21,10,4,6,29,12.6,4.1,11.3,36.3,2.7,7.7,35.1,1.7,2.1,81,0.7,3.1,3.8,1.6,1.3,0.8,0,2.2,20.7,0,0,-5.4
Isaiah Stewart,2023,DET,22,11,2,9,34.2,12.5,4.6,9.7,47.7,1.8,4.1,44.4,1.5,2.1,69.6,2.1,5.6,7.7,1.6,2.4,0.1,0.6,3.2,24.1,3,0,-3
Deni Avdija,2023,WAS,22,10,2,8,27.1,12.5,5.1,10.2,50,1.1,3,36.7,1.2,1.6,75,1.5,4.5,6,3.9,1.7,1,0.3,2.3,27.8,0,0,-5.2
Derrick White,2023,BOS,29,8,7,1,30,12.5,4.4,9.3,47.3,2.1,5.1,41.5,1.6,2.1,76.5,0.9,2.9,3.8,4.5,1.3,1,1.1,2.1,28.9,0,0,13.6
Dorian Finney-Smith,2023,BKN,30,10,5,5,31,12.5,4.6,9.8,46.9,3.2,7.1,45.1,0.1,0.3,33.3,2,3.4,5.4,1.5,1,0.2,0.8,2.6,23.2,0,0,-5.6
Bobby Portis,2023,MIL,28,10,6,4,22,12.4,4.7,9.8,48,0.7,2.6,26.9,2.3,3.1,74.2,1.1,5.1,6.2,1.6,1.2,1.1,0.4,2.2,25.5,1,0,2.7
Cameron Johnson,2023,BKN,27,3,1,2,28.7,12.3,4.7,13,35.9,2,7,28.6,1,1.3,75,1.7,3.7,5.3,1.3,2,0.7,0,1.3,20.7,0,0,-2.7
Jabari Smith Jr.,2023,HOU,20,9,6,3,28.1,12.3,5,10.3,48.4,1.8,4.9,36.4,0.6,1,55.6,1.6,5.4,7,1.3,1.2,0.6,0.4,3.3,24.5,1,0,1.8
Jalen Suggs,2023,ORL,22,9,5,4,27.6,12.3,4.1,10,41.1,1.4,4.1,35.1,2.7,3.3,80,1.1,3.4,4.6,2.8,1.8,2.1,0.6,2.8,28.2,0,0,3.7
Moritz Wagner,2023,ORL,26,9,5,4,18.7,12.3,4.9,7.6,64.7,0.8,2.1,36.8,1.8,2.2,80,1.6,2.9,4.4,0.7,1.4,0.6,0.6,2.7,20.6,0,0,-2.2
Rui Hachimura,2023,LAL,25,6,3,3,20.6,12.3,4.5,8.2,55.1,1.2,3,38.9,2.2,3,72.2,1,3.2,4.2,1,0.5,1.5,0.5,1.5,24.3,0,0,-0.3
Jonas Valanciunas,2023,NOP,31,10,4,6,24.3,12.3,4.8,9.5,50.5,1,2.3,43.5,1.7,2,85,1.9,6.8,8.7,1.8,1.6,0.3,1.5,2.7,29.2,3,0,-3.8
Rudy Gobert,2023,MIN,31,9,7,2,32.9,12.2,4.4,8.1,54.8,0,0,0,3.3,6,55.6,4,8.8,12.8,1.2,1.7,0.8,2.2,2.7,36.7,8,0,7
Collin Sexton,2023,UTA,24,10,3,7,18.8,12.2,4,8.7,46,0.9,2.7,33.3,3.3,3.8,86.8,0.7,1.4,2.1,2.7,2,0.1,0.1,1.6,17.4,0,0,-3.1
Grayson Allen,2023,PHX,28,10,4,6,31.4,12.2,4.3,9.2,46.7,2.7,5.6,48.2,0.9,0.9,100,1.2,4.1,5.3,2.9,1.8,0.5,0.4,2.5,23.8,0,0,-1.6
Harrison Barnes,2023,SAC,31,8,4,4,31.1,12.1,4,8.4,47.8,1.9,4.6,40.5,2.3,2.9,78.3,0.6,2.3,2.9,1,0.5,0.5,0.1,1,18.5,0,0,-4.4
Jonathan Kuminga,2023,GSW,21,10,5,5,20.5,12.1,4,10.3,38.8,0.4,2.2,18.2,3.7,4.9,75.5,1,2,3,0.6,1.2,0.7,0.4,2.8,18.7,0,0,2.7
Jarrett Allen,2023,CLE,25,4,2,2,25.7,12,3.8,6.3,60,0,0,0,4.5,5.8,78.3,3.5,3.3,6.8,2,1.3,0.8,0.8,2.3,26.4,0,0,4.3
Josh Giddey,2023,OKC,21,10,6,4,28.3,12,5.4,13,41.5,0.4,1.9,21.1,0.8,1,80,1.3,4.4,5.7,5.1,3,0.7,0.5,1.1,27.1,1,0,0.5
Bones Hyland,2023,LAC,23,8,3,5,23.5,11.8,4.4,10,43.8,1.9,5.3,35.7,1.1,1.3,90,0.3,1.4,1.6,2.9,2,0.8,0,2.6,18.3,0,0,2.8
Jalen Smith,2023,IND,23,8,5,3,17.8,11.8,4.6,6.6,69.8,1.1,1.8,64.3,1.4,1.8,78.6,1.9,4.9,6.8,1.3,1.3,0.5,0.4,2.5,23.1,1,0,3.1
Aaron Nesmith,2023,IND,24,10,6,4,24.1,11.7,4.2,7.8,53.8,2.2,4.5,48.9,1.1,1.7,64.7,1,2.5,3.5,1.1,0.5,0.8,0.6,2.9,21.3,0,0,0.9
Kevin Huerter,2023,SAC,25,8,4,4,27.1,11.5,4.3,10.9,39.1,2,6.5,30.8,1,1.3,80,0.8,4.8,5.5,2.6,1.4,1,0.5,2.3,25.2,0,0,-1.5
Deandre Ayton,2023,POR,25,9,3,6,31.8,11.4,5.6,9.6,58.1,0,0,0,0.3,0.3,100,2.7,9.6,12.2,1.2,1.8,1.8,1,3.1,34.5,5,0,-2.2
Grant Williams,2023,DAL,24,10,8,2,28.8,11.4,3.8,7.6,50,2.7,5.4,50,1.1,1.7,64.7,0.8,2.9,3.7,1.1,0.8,0.3,0.7,2.9,19.7,0,0,4.6
Markelle Fultz,2023,ORL,25,5,2,3,28.6,11.4,5.4,11.2,48.2,0,0.6,0,0.6,0.8,75,1.6,1.8,3.4,4,1.2,1.2,0.4,1.2,25.1,0,0,1
Khris Middleton,2023,MIL,32,8,5,3,18.9,11.4,4.4,8.8,50,1.3,3.9,32.3,1.4,1.8,78.6,0.6,2.9,3.5,3.8,1.5,0.6,0.1,1.3,22,0,0,1.8
Ausar Thompson,2023,DET,20,11,2,9,31.9,11.2,4.4,10.9,40,0.4,2.4,15.4,2.1,2.7,76.7,4.2,6.4,10.5,3.5,2.2,1.2,1.9,3.4,36.2,2,0,-6.3
Bruce Brown,2023,IND,27,10,6,4,31.1,11,4.2,9.2,45.7,1.6,4,40,1,1.2,83.3,0.8,3.7,4.5,2.7,1,1,0.4,1.8,23.7,0,0,3.6
Duop Reath,2023,POR,27,1,0,1,14.1,11,4,10,40,3,8,37.5,0,0,0,0,3,3,3,0,0,1,3,22.1,0,0,11
Jaden Ivey,2023,DET,21,7,2,5,19.4,11,4,8.1,49.1,1.3,3.4,37.5,1.7,2,85.7,0.6,1.6,2.1,2.4,1.9,0.7,0.4,2.9,18.8,0,0,-2.4
Killian Hayes,2023,DET,22,11,2,9,30.5,10.9,4.1,10.2,40.2,1.2,3.6,32.5,1.5,2,77.3,0.4,2.9,3.3,4.7,0.9,1.3,0.5,2.5,26.2,0,0,-4.5
Jaden McDaniels,2023,MIN,23,7,6,1,28.2,10.9,4.7,8.4,55.9,1.4,3.3,43.5,0,0,0,0.9,1.9,2.7,1.4,1,0.6,0.6,4.1,18.7,0,0,5.7
Spencer Dinwiddie,2023,BKN,30,9,4,5,27,10.7,3.6,8.4,42.1,2.1,5.6,38,1.4,2.2,65,0.1,3,3.1,4.8,1.3,0.4,0.1,1.4,21.9,0,0,3.1
Saddiq Bey,2023,ATL,24,9,5,4,27.5,10.6,3.9,8.6,45.5,1.7,4.3,38.5,1.1,1.2,90.9,2.1,3.7,5.8,1,1.4,0.9,0.2,1.3,20.9,0,0,3.8
Andrew Wiggins,2023,GSW,28,11,6,5,26,10.5,4.3,10.4,41.2,0.4,2.4,15.4,1.6,3.3,50,1.9,1.8,3.7,1,1.4,0.2,0.4,2.2,16.8,0,0,-6.7
Jeremy Sochan,2023,SAS,20,10,3,7,27.7,10.5,4.3,9.3,46.2,0.7,1.8,38.9,1.2,1.7,70.6,1.4,4,5.4,4.5,2.4,1,0.4,3.4,25.5,0,0,-11.2
Marvin Bagley III,2023,DET,24,11,2,9,18.8,10.5,3.9,6.9,56.6,0.1,0.5,20,2.5,2.8,90.3,1.5,3.4,4.8,1.3,1.3,0,0.5,1.8,18.5,0,0,2.9
Ivica Zubac,2023,LAC,26,9,3,6,24.9,10.4,4.3,7.1,60.9,0,0,0,1.8,3,59.3,2.6,5.3,7.9,0.4,1.6,0.2,1.7,3.2,24.7,2,0,3.2
Mike Conley,2023,MIN,36,9,7,2,29.2,10.4,3.9,7.8,50,1.9,4.4,42.5,0.8,0.8,100,0.8,2.6,3.3,5,0.7,0.8,0.1,2.2,23.9,0,0,5.9
Gary Trent Jr.,2023,TOR,24,8,4,4,27.1,10.4,3.9,10.5,36.9,1.9,5.3,35.7,0.8,1.9,40,0.5,2,2.5,0.9,1,1,0.1,1.3,17.1,0,0,-2.3
Jakob Poeltl,2023,TOR,28,10,5,5,24.7,10.3,4.8,7.2,66.7,0,0,0,0.7,1.7,41.2,2.6,5.3,7.9,1.9,1.7,0.6,0.8,2.8,25.1,3,0,-1.1
Corey Kispert,2023,WAS,24,9,2,7,22,10.2,3.4,7.6,45.6,1.8,4.9,36.4,1.6,1.9,82.4,0.6,2,2.6,1.6,1.3,0.6,0,1.6,16,0,0,-4.4
Marcus Sasser,2023,DET,23,11,2,9,21,10.2,4,8.1,49.4,1.7,4,43.2,0.5,0.5,100,0.2,2.6,2.8,3.1,0.8,0.9,0.1,1.9,20.4,0,0,-2
Jusuf Nurkic,2023,PHX,29,10,4,6,27.4,10.1,3.3,8.4,39.3,0.7,2.9,24.1,2.8,4,70,2.9,6.3,9.2,4.6,2.1,1.4,1,3.4,33.1,3,0,1.1
Herbert Jones,2023,NOP,25,7,4,3,31.1,10,3.4,7.3,47.1,0.9,3.3,26.1,2.3,2.6,88.9,0.6,3.3,3.9,1.7,1.3,1.6,1.6,3.4,25.3,0,0,-6.1
Reggie Jackson,2023,DEN,33,10,8,2,23.5,10,4,9.1,44,1.5,4.1,36.6,0.5,0.9,55.6,0.1,1.7,1.8,3.6,1.1,0.9,0.2,1.5,19.8,0,0,6.9
Talen Horton-Tucker,2023,UTA,22,10,3,7,23.4,10,4,10,40,1.3,3.7,35.1,0.7,0.9,77.8,0.6,2.6,3.2,5.2,2.3,1,0.6,2.1,24.1,0,0,-1.7
Clint Capela,2023,ATL,29,9,5,4,24.8,9.9,4.1,7.2,56.9,0,0,0,1.7,2.4,68.2,4,6.7,10.7,0.9,0.6,0.6,1.4,1.9,29.5,4,0,3.1
Draymond Green,2023,GSW,33,8,5,3,24.8,9.9,3.4,7,48.2,1.1,2.5,45,2,2.3,88.9,1.6,3.9,5.5,6.4,1.9,0.8,0.6,2.6,28.3,0,0,-2
Kentavious Caldwell-Pope,2023,DEN,30,10,8,2,33.3,9.7,3.5,7.4,47.3,1.6,3.7,43.2,1.1,1.1,100,0.2,1.7,1.9,1.7,1.2,1.8,0.5,2.5,20.2,0,0,11.4
Brook Lopez,2023,MIL,35,10,6,4,26.3,9.6,3.5,8.6,40.7,1.8,5.1,35.3,0.8,1.2,66.7,1.1,3.1,4.2,0.7,1.1,0.8,2.2,2.2,23.6,0,0,-8.4
Matt Ryan,2023,NOP,26,10,4,6,23.3,9.6,3,6.4,46.9,2.4,5.4,44.4,1.2,1.2,100,0.5,2,2.5,1.3,1.3,0.3,0.1,2.3,14.5,0,0,0.2
Sam Hauser,2023,BOS,25,10,8,2,19.5,9.6,3.2,6.4,50,2.8,5.9,47.5,0.4,0.4,100,0.5,2.8,3.3,0.4,0.4,0.6,0.4,1.7,16.8,0,0,1.3
Onyeka Okongwu,2023,ATL,22,9,5,4,22.6,9.6,3.3,5.6,60,0.2,0.9,25,2.7,2.9,92.3,2.8,3.9,6.7,1.6,0.7,0.7,1,2.9,24.2,1,0,0.2
Isaac Okoro,2023,CLE,22,6,2,4,28.8,9.5,3.5,7.2,48.8,1,2.5,40,1.5,2.2,69.2,2,3,5,2.2,1,1.2,0.5,3.8,22.8,0,0,-5.5
Obi Toppin,2023,IND,25,10,6,4,21.3,9.5,3.8,6.6,57.6,0.7,2.3,30.4,1.2,1.3,92.3,0.9,2.1,3,0.5,0.5,0.9,0.2,1.8,16.7,0,0,-1.8
Taurean Prince,2023,LAL,29,8,4,4,30.4,9.5,3.6,8.3,43.9,1.4,4.4,31.4,0.9,1.1,77.8,0.1,1.6,1.8,1,0.5,0.5,0.6,2.8,16,0,0,-5.4
Luke Kennard,2023,MEM,27,7,2,5,23.8,9.4,3,7.6,39.6,2.4,6.1,39.5,1,1,100,0.3,2.6,2.9,2.3,0.7,0.7,0.1,0.6,18.1,0,0,-2.9
Tyus Jones,2023,WAS,27,10,2,8,26.8,9.4,3.9,9.1,42.9,1.4,3.7,37.8,0.2,0.4,50,0.4,2.2,2.6,5.1,0.9,1,0.2,1.2,22.9,0,0,-12.8
Wendell Carter Jr.,2023,ORL,24,5,3,2,29.4,9.4,3.4,9,37.8,1,3.2,31.3,1.6,2.8,57.1,2.2,6.4,8.6,1.6,1.6,0.6,0.4,2.8,23.5,1,0,0.2
Bismack Biyombo,2023,MEM,31,5,2,3,25,9,3.4,5.2,65.4,0,0,0,2.2,3.4,64.7,4.8,4.8,9.6,1.4,0.8,0.6,1,3.2,26.6,2,0,3.4
Jeremiah Robinson-Earl,2023,NOP,23,3,0,3,21,9,3,5.7,52.9,1.7,2.7,62.5,1.3,1.3,100,1.3,3.7,5,0.7,1,0.3,0,1.7,16,0,0,-6.7
Nick Richards,2023,CHA,25,9,3,6,17.8,9,3.3,4.2,78.9,0,0,0,2.3,3.1,75,1.8,4,5.8,0.3,1.1,0.3,1.4,3,20.7,1,0,-6.3
Derrick Jones Jr.,2023,DAL,26,10,8,2,22.6,8.9,3.3,6.7,49.3,1.5,4.1,36.6,0.8,1.2,66.7,0.8,2.4,3.2,1.1,0.9,0.6,0.6,1.1,17.1,1,0,6.7
Isaiah Joe,2023,OKC,24,10,6,4,19.6,8.8,2.7,7.1,38,2.3,5.8,39.7,1.1,1.4,78.6,0.1,1.8,1.9,1.1,0.8,0.7,0.1,1.3,14.3,0,0,3
Kevin Love,2023,MIA,35,5,3,2,18.8,8.8,2.6,6.8,38.2,1.8,5,36,1.8,2,90,0.8,5.2,6,1.8,0.8,0.2,0,1.8,18.5,1,0,2.4
Malaki Branham,2023,SAS,20,10,3,7,19.6,8.8,3.6,8.2,43.9,1.1,3.1,35.5,0.5,0.5,100,0.1,1.4,1.5,2.4,0.9,0.5,0.1,1.1,15.1,0,0,-4.6
Scoot Henderson,2023,POR,19,5,2,3,28.4,8.8,3.6,10.4,34.6,0.4,4.2,9.5,1.2,1.4,85.7,0.6,1.6,2.2,4.6,4,0.6,0.2,4,16.7,0,0,-9.2
Dereck Lively II,2023,DAL,19,9,8,1,24.4,8.8,3.9,5.4,71.4,0,0.1,0,1,1.9,52.9,2.6,4.1,6.7,1,1,0.7,1.1,3.8,22.6,2,0,6
Tre Jones,2023,SAS,23,9,3,6,25.8,8.8,3.2,7.2,44.6,0.6,2.2,25,1.8,1.9,94.1,0.8,2.4,3.2,6,1.4,0.8,0.4,1.3,23.9,1,0,2.7
Danilo Gallinari,2023,WAS,35,9,2,7,14.4,8.7,3,5.7,52.9,0.9,2.4,36.4,1.8,2.3,76.2,0.6,1.9,2.4,1.7,0.4,0.3,0.1,0.8,15,0,0,1.9
Nic Claxton,2023,BKN,24,2,1,1,28.1,8.5,4,8.5,47.1,0,0,0,0.5,0.5,100,4,6,10,3,0,0,3.5,1.5,35.5,1,0,-2
Santi Aldama,2023,MEM,22,4,2,2,20,8.5,3.5,8.3,42.4,1.3,3,41.7,0.3,1,25,0.8,3.8,4.5,1.3,1.3,0.5,0.5,1.5,17.5,0,0,0.5
Xavier Tillman,2023,MEM,24,6,0,6,26.4,8.3,3.5,9.5,36.8,0.7,2.8,23.5,0.7,1.5,44.4,2.2,5.3,7.5,2.5,1.5,1.7,1,3.2,27.6,1,0,-5
Dyson Daniels,2023,NOP,20,10,4,6,26.1,8.3,3.2,6.9,46.4,1,2.9,34.5,0.9,1.6,56.3,1.2,3.9,5.1,3,1.6,1.2,0.5,1.7,22.4,1,0,-4.6
Jaime Jaquez Jr.,2023,MIA,22,10,6,4,21.9,8.3,3.4,7.1,47.9,0.8,2.9,27.6,0.7,0.8,87.5,0.9,2.3,3.2,2.2,1.2,1.3,0.3,2.1,19,0,0,1
Malik Beasley,2023,MIL,26,10,6,4,25.1,8.3,2.9,6.7,43.3,2,4.9,40.8,0.5,0.9,55.6,0.5,3.1,3.6,1.4,0.8,1,0,2.1,16.9,0,0,-6.8
Daniel Gafford,2023,WAS,25,8,2,6,23.1,8.3,3.3,4.3,76.5,0,0,0,1.8,2.8,63.6,2.4,4.6,7,1.1,1.6,0.6,2.5,3.5,26.1,1,0,-4.9
Walker Kessler,2023,UTA,22,8,2,6,24,8.3,3.5,6.4,54.9,0.3,0.8,33.3,1,1.6,61.5,3.4,4.5,7.9,0.3,1,0,2.1,2.1,23.5,2,0,-9.8
Bilal Coulibaly,2023,WAS,19,10,2,8,25.5,8.2,3,6,50,1.4,3.2,43.8,0.8,1.5,53.3,0.5,3.2,3.7,1.8,1.3,1.1,0.8,1.8,19.7,0,0,1.1
Royce O'Neale,2023,BKN,30,10,5,5,31.2,8.2,2.8,8.3,33.7,2.5,6.9,36.2,0.1,0.2,50,0.8,5.5,6.3,3.4,1.1,0.6,0.9,3.2,24.3,2,0,-5.1
Chris Paul,2023,GSW,38,11,6,5,27,8.2,3.2,8.6,36.8,0.5,3.4,16.2,1.3,1.5,87.5,0.3,3.4,3.6,7.3,1.1,1.5,0,1.5,26.7,1,0,4.5
De'Anthony Melton,2023,PHI,25,9,8,1,27.6,8.1,2.8,8.6,32.5,1.6,4.8,32.6,1,1.6,64.3,0.4,2.9,3.3,4.3,1.2,1.3,0.3,2.2,22.4,0,0,5.1
Jae Crowder,2023,MIL,33,9,5,4,26.7,8.1,2.8,5.2,53.2,1.8,3.4,51.6,0.8,1.3,58.3,0.4,3.4,3.9,1.7,0.4,0.8,0.3,1.6,18.2,0,0,-6.1
Ziaire Williams,2023,MEM,22,9,2,7,25.6,8.1,2.9,7.7,37.7,1.2,4.2,28.9,1.1,1.2,90.9,0.8,4.8,5.6,1.2,1.7,0.4,0.4,2.1,17.6,1,0,-10.1
Andrew Nembhard,2023,IND,23,10,6,4,19.2,8.1,3.5,7.2,48.6,0.8,2.7,29.6,0.3,0.4,75,0.3,1.5,1.8,4,1.6,0.8,0,2,17.1,1,0,0.9
Dario Saric,2023,GSW,29,11,6,5,20,8.1,3,7.1,42.3,1.3,3.8,33.3,0.8,1,81.8,1.9,4.9,6.8,1.7,0.8,0.4,0.5,2,20.5,1,0,1.3
Cedi Osman,2023,SAS,28,10,3,7,19.8,8,3.1,6,51.7,1.5,3.3,45.5,0.3,0.5,60,0.3,1.5,1.8,1.5,0.6,0.5,0.3,1.3,14.2,0,0,-6.4
David Roddy,2023,MEM,22,10,2,8,21.8,8,3.5,7.2,48.6,0.6,2.4,25,0.4,0.5,80,1.1,2.7,3.8,0.9,0.9,0.4,0.4,2,15.4,0,0,-3.9
Derrick Rose,2023,MEM,35,4,0,4,17.6,8,3,9.3,32.4,1.3,2.5,50,0.8,1,75,1,1,2,2.8,1.5,0.5,0.3,0.8,15.3,0,0,-5
Gary Harris,2023,ORL,29,5,3,2,17.8,8,3,5.2,57.7,1.8,3.6,50,0.2,0.6,33.3,0.8,1.4,2.2,1.4,0.8,0.2,0.4,0.4,13.7,0,0,4
Jaden Hardy,2023,DAL,21,8,6,2,11.9,8,2.6,6.1,42.9,1.1,3.3,34.6,1.6,2.1,76.5,0.3,1.5,1.8,1.3,0.5,0.1,0,0.8,11.9,0,0,0.3
Kyle Lowry,2023,MIA,37,9,5,4,31.1,8,2.6,6,42.6,2,4.6,43.9,0.9,0.9,100,1,3.6,4.6,5.1,2,1.3,0.3,2.6,24.1,1,0,1.4
Naji Marshall,2023,NOP,25,1,0,1,13.9,8,2,3,66.7,1,1,100,3,3,100,1,1,2,2,2,0,0,2,11.4,0,0,4
Doug McDermott,2023,SAS,31,10,3,7,17.4,7.9,2.7,5.3,50.9,2.2,4.2,52.4,0.3,0.4,75,0.2,1.1,1.3,1.7,0.5,0.2,0.1,1.5,12.4,0,0,-5.9
Haywood Highsmith,2023,MIA,26,6,5,1,25.4,7.8,2.7,6.5,41,1.3,4,33.3,1.2,1.5,77.8,0.7,2.2,2.8,1.5,0.7,0.8,1,2,18.3,0,0,2.2
JaVale McGee,2023,SAC,35,6,2,4,12.7,7.8,3.5,5.5,63.6,0,0.2,0,0.8,1.2,71.4,1.5,1.8,3.3,0.2,1,0.2,0.5,0.8,13.1,0,0,2.8
Cason Wallace,2023,OKC,20,10,6,4,22.5,7.8,3,4.7,63.8,1,1.9,52.6,0.8,0.8,100,0.5,1.8,2.3,1.5,0.6,0.5,0.3,1.9,14.6,0,0,1.3
Josh Green,2023,DAL,22,10,8,2,25.2,7.8,2.8,6.5,43.1,1.5,3.8,39.5,0.7,1.4,50,0.5,1.7,2.2,2.1,1,1.1,0.2,1.9,16.5,0,0,2.1
Quentin Grimes,2023,NYK,23,10,5,5,24.3,7.8,2.8,6.4,43.8,2.2,5.5,40,0,0.1,0,0.1,1.3,1.4,1.1,0.4,0.7,0,1.6,12.8,0,0,2.3
Alex Caruso,2023,CHI,29,9,3,6,23.5,7.8,2.9,4.9,59.1,1.2,2.8,44,0.8,1.2,63.6,1.4,2.4,3.9,2.4,1,1.6,0.8,2.6,22.1,1,0,2
Josh Okogie,2023,PHX,25,10,4,6,23.7,7.6,2.3,5.6,41.1,0.4,2.3,17.4,2.6,2.9,89.7,1.9,1.6,3.5,1.2,0.9,0.8,0.5,1.2,16.6,0,0,0
Josh Richardson,2023,MIA,30,7,5,2,23.7,7.6,2.9,6.7,42.6,1.1,3.4,33.3,0.7,0.9,83.3,0,2.3,2.3,2.3,1.1,0.3,0.1,2,13.9,0,0,-2.9
Kyle Anderson,2023,MIN,30,9,7,2,24.9,7.4,3.1,5.2,59.6,0.2,0.9,25,1,1.8,56.3,0.7,3.2,3.9,4.2,2,1.1,0.7,1.4,21.8,0,0,4.7
Christian Wood,2023,LAL,28,10,5,5,22.1,7.4,2.4,5.2,46.2,1.1,2.7,40.7,1.5,2.4,62.5,1,5.1,6.1,0.9,1.3,0.3,0.7,2,17.8,1,0,2.8
Landry Shamet,2023,WAS,26,6,1,5,15.9,7.3,2.8,5.8,48.6,1.5,4,37.5,0.2,0.3,50,0.2,1.2,1.3,1.2,0.5,0.7,0.2,1.8,12.7,0,0,3.2
Drew Eubanks,2023,PHX,26,10,4,6,18.6,7.3,2.9,4.6,63,0,0,0,1.5,1.9,78.9,1.6,3.5,5.1,2,1.4,0.3,1.5,2.1,20.4,0,0,-0.7
Kelly Olynyk,2023,UTA,32,10,3,7,20.4,7.3,2.7,4.5,60,0.7,1.7,41.2,1.2,1.4,85.7,1.9,3.5,5.4,3.4,1.8,1.1,0.2,3.1,21,0,0,-2
Keyonte George,2023,UTA,20,10,3,7,22.6,7.3,2.6,6.9,37.7,1.2,3.9,30.8,0.9,1.2,75,0.4,1.9,2.3,4.6,1.7,0.3,0.2,0.9,16.8,0,0,-6.7
Skylar Mays,2023,POR,26,8,3,5,16.5,7.3,3,7,42.9,0.4,2.5,15,0.9,1,87.5,0.1,1,1.1,3.9,0.9,0.8,0,1.1,15.8,2,0,-0.5
Jeff Green,2023,HOU,37,9,6,3,15.3,7.2,2.4,4,61.1,0.4,1.2,36.4,1.9,2.7,70.8,1.2,2,3.2,0.4,0.6,0.2,0.2,1.1,12.5,0,0,2.6
Donte DiVincenzo,2023,NYK,26,10,5,5,19.4,7.2,2.5,6.8,36.8,1.5,4.5,33.3,0.7,1.2,58.3,0.9,2,2.9,1.6,1.1,0.8,0.4,1.7,15.6,0,0,0.6
Trendon Watford,2023,BKN,23,5,3,2,14.9,7.2,2.8,5.2,53.8,0.4,1,40,1.2,1.2,100,1.2,3,4.2,2.4,1.2,0.8,0.2,2.2,17.6,0,0,6
Jevon Carter,2023,CHI,28,11,4,7,14.8,7.2,2.7,5.7,47.6,1.7,3.5,50,0,0.1,0,0.1,0.5,0.5,1.2,0.9,0.5,0.4,1.2,11.4,0,0,-2.2
MarJon Beauchamp,2023,MIL,23,9,5,4,17.4,7.1,2.7,5.3,50,1.2,2.8,44,0.6,0.9,62.5,0.9,1.7,2.6,1,0.8,0.2,0.1,1.7,11.9,0,0,-0.9
Jordan Goodwin,2023,PHX,25,10,4,6,18.3,7.1,2.4,7.3,32.9,1.3,3.8,34.2,1,1.3,76.9,1.1,2.8,3.9,1.9,1,1,0.4,1.2,17.8,0,0,1.2
Josh Hart,2023,NYK,28,10,5,5,28.5,7.1,2.8,7.2,38.9,1,3.4,29.4,0.5,0.7,71.4,1.1,5.4,6.5,2.5,1,0.9,0.1,2,20.7,0,0,0.1
Cam Reddish,2023,LAL,24,10,5,5,22.8,7,2.3,5.6,41.1,0.8,2.7,29.6,1.6,1.9,84.2,0.6,2.4,3,1,0.6,1.4,0.3,1.7,16.6,0,0,-4
Harry Giles III,2023,BKN,25,1,0,1,5.9,7,3,3,100,1,1,100,0,0,0,0,1,1,0,1,0,0,1,7.2,0,0,6
T.J. McConnell,2023,IND,31,6,3,3,13.9,7,2.8,4.8,58.6,0,0.2,0,1.3,1.3,100,0.5,2,2.5,3.3,0.7,1,0.2,1,17.8,0,0,0
Wesley Matthews,2023,ATL,37,1,0,1,7.5,7,2,2,100,2,2,100,1,2,50,1,1,2,0,1,0,0,3,8.4,0,0,1
Christian Braun,2023,DEN,22,10,8,2,18.9,6.9,2.5,6,41.7,0.4,1.8,22.2,1.5,2.2,68.2,1.1,3.3,4.4,2.2,0.6,0.5,0.3,1.4,17.3,0,0,1
Robert Williams III,2023,POR,26,6,2,4,19.8,6.8,2.8,4.3,65.4,0,0,0,1.2,1.5,77.8,1.8,4.5,6.3,0.8,1.2,1.2,1.2,2.8,21.5,0,0,-5
Moses Moody,2023,GSW,21,11,6,5,17.1,6.8,2.5,5.5,44.3,1.2,3.5,34.2,0.7,1,72.7,0.7,2.2,2.9,1.1,0.5,1.1,0.3,1,15.6,0,0,3.5
Precious Achiuwa,2023,TOR,24,5,2,3,20.6,6.8,3,7.4,40.5,0.2,1.6,12.5,0.6,0.6,100,1.8,4.8,6.6,2,1.6,0.2,0.2,2,17.3,0,0,-5.2
Jae'Sean Tate,2023,HOU,28,9,6,3,20.3,6.8,2.6,5.1,50,1.1,2.6,43.5,0.6,0.8,71.4,0.9,2.9,3.8,1.2,0.2,1.6,0.4,2.6,18.9,0,0,2.8
Chris Boucher,2023,TOR,30,8,3,5,16.1,6.8,2.3,4.4,51.4,0.5,1.4,36.4,1.8,2,87.5,1.3,3.6,4.9,0.6,0.6,0.3,0.8,2.6,15.9,0,0,1.4
Keita Bates-Diop,2023,PHX,27,7,3,4,22.2,6.7,2.6,6,42.9,0.9,2.6,33.3,0.7,1.3,55.6,1.3,3,4.3,1.3,0.1,0.6,0.9,1,17.9,0,0,1.6
Day'Ron Sharpe,2023,BKN,22,10,5,5,13,6.7,2.6,4.5,57.8,0,0.2,0,1.5,2.3,65.2,2.3,4,6.3,0.5,1.3,0.4,0.5,1.8,16.4,1,0,3.9
Dwight Powell,2023,DAL,32,9,7,2,17.8,6.7,1.9,2.4,77.3,0.1,0.1,100,2.8,3.7,75.8,2,2.1,4.1,1.4,0.2,0.4,0.8,2,17.2,0,0,1.4
Mitchell Robinson,2023,NYK,25,10,5,5,29.6,6.6,2.8,5.2,53.8,0,0,0,1,2.5,40,5.8,5.6,11.4,0.5,0.4,1.4,1,2.2,27.8,1,0,2.6
Ben Simmons,2023,BKN,27,6,3,3,31.8,6.5,3.2,6,52.8,0,0,0,0.2,0.7,25,2.7,8.2,10.8,6.7,2.5,0.5,0.8,2.7,31,2,0,-5.5
Dru Smith,2023,MIA,25,6,4,2,20.6,6.5,2.5,5.3,46.9,1.2,2.7,43.8,0.3,0.3,100,1,1.2,2.2,2.3,0.8,1.3,0.5,1.5,17.3,0,0,-5.5
Nikola Jovic,2023,MIA,20,2,0,2,14.2,6.5,2,4,50,1.5,2.5,60,1,1,100,0,7.5,7.5,2,1,0.5,0,1,19,0,0,7.5
Gary Payton II,2023,GSW,30,10,6,4,18.3,6.4,2.6,5.5,47.3,0.8,2.2,36.4,0.4,0.6,66.7,1.2,2,3.2,1,0.6,1.3,0.2,1.7,15.6,0,0,4.4
Isaiah Hartenstein,2023,NYK,25,10,5,5,16.8,6.4,2.6,4.3,60.5,0.1,0.3,33.3,1.1,1.8,61.1,2.4,2,4.4,1.1,0.9,1.2,0.4,2.9,17.2,0,0,1.3
Andre Drummond,2023,CHI,30,11,4,7,13.5,6.4,2.8,5,56.4,0,0,0,0.7,1.4,53.3,2.5,2.9,5.4,0.7,1,1.4,0.2,1.4,17.5,1,0,1.2
Matisse Thybulle,2023,POR,26,9,3,6,19.5,6.3,2.2,4.7,47.6,1.4,3.8,38.2,0.4,0.6,80,0.2,1,1.2,1,0.6,1,0.8,1.1,14.1,0,0,-6.7
Tari Eason,2023,HOU,22,3,3,0,16.4,6.3,2.7,7.3,36.4,1,2.3,42.9,0,0,0,2,4.7,6.7,1.3,0.7,0.3,1,1.7,19.7,0,0,5
Anthony Black,2023,ORL,19,7,4,3,19,6.3,2.4,3.7,65.4,0.7,1.4,50,0.7,1,71.4,0.9,1.3,2.1,1.6,0.6,0.6,0.4,1.7,13.6,0,0,5.3
Amen Thompson,2023,HOU,20,4,1,3,16.7,6.3,2.3,5.5,40.9,0.5,2.8,18.2,1.3,2,62.5,0.3,2.5,2.8,1.5,1.5,0.5,0.3,2.3,12.6,0,0,-5.3
Cameron Payne,2023,MIL,29,10,6,4,18.1,6.2,2.3,4.6,50,1.2,2.4,50,0.4,0.4,100,0.1,0.9,1,2.1,1,0.5,0.1,2.3,11.4,0,0,0.7
Davion Mitchell,2023,SAC,25,8,4,4,21,6.1,2.4,6.4,37.3,1.3,3.8,33.3,0.1,0.1,100,0.1,1.5,1.6,2.8,1,0.5,0.3,2.4,13.5,0,0,-7.9
Patrick Williams,2023,CHI,22,11,4,7,23,6.1,2.1,6.3,33.3,0.9,3.2,28.6,1,1.3,78.6,0.5,2.5,3.1,1.3,1,1.1,0.8,1.6,16.4,0,0,0.5
Gabe Vincent,2023,LAL,27,4,2,2,28.4,6,2.8,7,39.3,0.3,3.5,7.1,0.3,0.5,50,0.5,0.5,1,3,0.5,1.5,0,2.5,15.7,0,0,2.5
Jamaree Bouyea,2023,POR,24,1,0,1,12.4,6,3,6,50,0,1,0,0,0,0,1,3,4,3,1,0,0,0,14.3,0,0,-3
Terance Mann,2023,LAC,27,3,0,3,25.2,6,2.7,5.7,47.1,0.7,2.7,25,0,0,0,1.3,3,4.3,2.3,1,0,0,2.3,13.7,0,0,0.3
Ayo Dosunmu,2023,CHI,23,9,4,5,14.9,5.9,2.3,4.3,53.8,0.9,1.9,47.1,0.3,0.4,75,0.6,0.9,1.4,1.1,0.4,0.6,0.1,1.1,10.8,0,0,2.3
Dennis Smith Jr.,2023,BKN,25,9,4,5,16.8,5.9,2.2,5.6,40,0.7,1.8,37.5,0.8,0.9,87.5,0.8,1.4,2.2,2.8,1.1,0.6,0.2,2.2,13.9,0,0,-1.1
Kevon Looney,2023,GSW,27,11,6,5,23.2,5.8,2.5,3.9,65.1,0,0,0,0.7,0.9,80,2.9,5.9,8.8,2.8,1.1,0.8,0.5,3,23.4,0,0,-0.9
Yuta Watanabe,2023,PHX,29,10,4,6,19.1,5.8,1.9,4.6,41.3,1.4,3.7,37.8,0.6,0.7,85.7,0.6,2.2,2.8,0.5,1,0.4,0.3,1.9,11,0,0,-0.6
Theo Maledon,2023,CHA,22,9,3,6,18.3,5.8,2.1,6.6,32.2,0.6,3,18.5,1,1.1,90,0.4,1.8,2.2,2.2,1.3,0.8,0,1.8,12.8,0,0,-5.4
Armoni Brooks,2023,BKN,25,3,1,2,12.1,5.7,2,4,50,1.7,3,55.6,0,0,0,0.3,1.7,2,0,0.3,0,0,0,7.7,0,0,12
Goga Bitadze,2023,ORL,24,7,3,4,14.4,5.6,2,3.6,56,0,0.3,0,1.6,2.1,73.3,2.1,2.7,4.9,1,0.6,0.7,1.1,1.4,17.9,1,0,7.3
Jonathan Isaac,2023,ORL,26,7,5,2,12.8,5.6,1.7,5.1,33.3,0.7,2.9,25,1.4,1.9,76.9,0.9,2.6,3.4,0.3,0.4,0.7,1.4,1.7,16.1,0,0,2
Sasha Vezenkov,2023,SAC,28,7,3,4,13.5,5.6,2.1,5.3,40.5,1.1,3.6,32,0.1,0.1,100,0.1,1.9,2,0.3,0.1,0.6,0.3,1.3,10.8,0,0,-0.1
Georges Niang,2023,CLE,30,9,4,5,22.4,5.6,2,6.8,29.5,1.1,4.6,24.4,0.4,0.4,100,0.4,3.7,4.1,1,0.6,0.1,0.1,2.8,12.1,0,0,-4.6
Thomas Bryant,2023,MIA,26,9,5,4,13.5,5.6,2.2,4.1,54.1,0,0.2,0,1.1,1.4,76.9,1.1,2.9,4,0.7,1.1,0.4,0.3,1.3,12.6,0,0,-3.9
Eugene Omoruyi,2023,WAS,26,6,1,5,8,5.5,2.2,3.2,68.4,0.3,0.8,40,0.8,1.3,62.5,0.7,1.8,2.5,1,1,0.5,0.2,1,11,0,0,3.8
Malachi Flynn,2023,TOR,25,10,5,5,15.3,5.5,1.9,4.1,46.3,1.1,2.4,45.8,0.6,0.7,85.7,0.3,1.4,1.7,1.9,1.2,0.9,0,1.4,11.9,0,0,-4.5
Orlando Robinson,2023,MIA,23,2,0,2,14.8,5.5,2,4.5,44.4,0.5,0.5,100,1,1,100,1,3,4,3.5,1.5,0.5,0.5,2,17.1,0,0,3
Johnny Davis,2023,WAS,21,5,1,4,11.2,5.4,2.4,4.6,52.2,0.2,0.4,50,0.4,0.6,66.7,0.6,0.8,1.4,0.2,0.4,0.8,0.2,1,10,0,0,2
Keon Ellis,2023,SAC,23,5,3,2,13.8,5.4,1.6,3.8,42.1,1,3.2,31.3,1.2,2.2,54.5,0.4,1.6,2,0.6,0.6,1,0.6,1.2,12.9,0,0,1.6
Pat Connaughton,2023,MIL,30,10,6,4,22,5.4,1.9,4.8,39.6,0.8,2.9,27.6,0.8,1,80,0.5,2.3,2.8,2.3,0.6,0.5,0.2,1.3,13.7,0,0,-1.9
Jordan Nwora,2023,IND,25,3,2,1,12,5.3,2,6,33.3,0.7,2.7,25,0.7,1,66.7,0.3,1.7,2,1.3,1.7,0,0.3,0.7,9.1,0,0,-4.3
Toumani Camara,2023,POR,23,9,3,6,24.5,5.3,1.9,5.6,34,0.6,2.1,26.3,1,1.3,75,2.1,2.6,4.7,1.3,1,0.8,0.7,2.4,16.3,0,0,2.8
Isaiah Jackson,2023,IND,21,4,3,1,14,5.3,2.3,3.5,64.3,0,0,0,0.8,1.3,60,1,2.3,3.3,0.5,0.3,0.3,2,2.8,16.4,0,0,-3.8
Jabari Walker,2023,POR,21,9,3,6,13.8,5.2,1.9,4.4,42.5,0.2,1.4,15.4,1.2,1.4,84.6,1,2.6,3.6,0.4,0.8,0.9,0.6,2.2,13.7,0,0,0.6
Aaron Holiday,2023,HOU,27,7,6,1,15.7,5.1,2,4.9,41.2,0.7,2.1,33.3,0.4,0.4,100,0.1,1.4,1.6,1.3,0.6,0.3,0,1,9.2,0,0,4.7
Nicolas Batum,2023,PHI,34,7,6,1,22.5,5.1,1.9,3.3,56.5,1.4,2.9,50,0,0,0,0.7,2.6,3.3,1.3,0.3,0.9,1.1,2,16.7,0,0,7.3
Julian Strawther,2023,DEN,21,8,6,2,9.9,5.1,2,4.5,44.4,1.1,3.1,36,0,0.3,0,0,0.9,0.9,0.5,0.1,0.1,0.3,0.9,7.9,0,0,-3.4
Simone Fontecchio,2023,UTA,27,8,2,6,10,5.1,2,4,50,1.1,2.6,42.9,0,0,0,0.8,1.3,2,0.5,1,0.3,0.3,0.8,8.8,0,0,-1.9
Admiral Schofield,2023,ORL,26,1,1,0,3.1,5,2,4,50,1,3,33.3,0,0,0,0,0,0,0,0,0,0,0,5,0,0,3
Cole Swider,2023,MIA,24,1,0,1,2,5,2,3,66.7,1,2,50,0,0,0,0,1,1,0,0,0,0,0,6.2,0,0,7
Delon Wright,2023,WAS,31,8,2,6,17.7,5,1.4,3.8,36.7,0.5,1.4,36.4,1.8,2,87.5,0.4,2.1,2.5,4.4,0.5,1.6,0.1,0.8,19.3,0,0,1.1
Lester Quinones,2023,GSW,22,1,1,0,4.7,5,2,3,66.7,1,2,50,0,0,0,0,0,0,0,1,0,0,0,4,0,0,0
Mason Plumlee,2023,LAC,33,6,3,3,17,5,2,3.2,63.2,0,0,0,1,2.3,42.9,1.3,4.2,5.5,1,0.8,0.7,0.2,1,14.8,0,0,-2.3
Ryan Rollins,2023,WAS,21,6,1,5,7.6,5,1.3,2.8,47.1,0.2,0.3,50,2.2,2.7,81.3,0.3,1.3,1.7,1.7,1.2,1.3,0.3,1,13.3,0,0,7.3
Peyton Watson,2023,DEN,21,10,8,2,14.8,4.9,2.1,3.9,53.8,0.4,1.3,30.8,0.3,0.6,50,0.3,1.6,1.9,0.7,0.6,0.6,1.1,1.3,12.7,0,0,-1.9
Al Horford,2023,BOS,37,9,7,2,23.9,4.9,2,5.2,38.3,0.7,2.9,23.1,0.2,0.2,100,1.9,4.1,6,2.1,1.2,0.6,0.6,1.6,17.4,0,0,4.1
Torrey Craig,2023,CHI,32,11,4,7,22.6,4.8,1.9,5,38.2,0.8,2.4,34.6,0.2,0.2,100,2.1,3.6,5.7,1.5,0.4,0.7,0.4,2.8,16.9,0,0,-3.6
Shake Milton,2023,MIN,27,9,7,2,14.9,4.8,1.6,4.2,36.8,0.7,2,33.3,1,1.4,69.2,0.2,1.4,1.7,1.1,1.2,0.8,0.1,1.4,9.9,0,0,1
Payton Pritchard,2023,BOS,25,10,8,2,20.5,4.7,1.7,5.2,32.7,0.7,3.1,22.6,0.6,0.7,85.7,1.4,2,3.4,3.6,0.7,0.2,0,1.7,14.1,0,0,5.9
Nickeil Alexander-Walker,2023,MIN,25,9,7,2,19,4.7,1.8,4.7,38.1,0.9,2.7,33.3,0.2,0.7,33.3,0.1,2.1,2.2,2.8,0.9,0.9,0.8,1.6,15.6,0,0,-0.4
Chris Duarte,2023,SAC,26,8,4,4,14.8,4.6,1.4,4.5,30.6,0.9,2.9,30.4,1,1.4,72.7,0.1,1.4,1.5,1.1,0.5,0.6,0.1,3,9.9,0,0,-2
Nate Williams,2023,HOU,24,2,1,1,6.3,4.5,2,3.5,57.1,0,1,0,0.5,1,50,0,0,0,0.5,0,0.5,0,0,6.8,0,0,-2
Jaylin Williams,2023,OKC,21,5,3,2,13.8,4.4,1.4,3.2,43.8,0.6,2.2,27.3,1,1.2,83.3,0.4,3.2,3.6,1.4,0.6,0.4,0.4,2.2,12.6,0,0,-0.8
Ochai Agbaji,2023,UTA,23,10,3,7,16.3,4.4,1.7,4.1,41.5,1,2.7,37,0,0.2,0,0.5,1.7,2.2,1,0.7,0.2,0.6,1.3,10.2,0,0,-3.2
Ben Sheppard,2023,IND,22,3,2,1,10.8,4.3,1.7,4,41.7,1,2.7,37.5,0,0,0,0.3,1,1.3,0.7,0,0,0,1.3,6.9,0,0,-1
JT Thor,2023,CHA,21,9,3,6,19,4.3,1.8,4.4,40,0.8,2.3,33.3,0,0.4,0,1,2.8,3.8,0.9,0.3,0.4,0.4,1.4,12.5,0,0,-1.4
Paul Reed,2023,PHI,24,9,8,1,13.3,4.3,2.1,3.7,57.6,0,0.3,0,0.1,0.2,50,1.7,3.2,4.9,1,0.8,0.4,0.3,2.3,13.3,0,0,4.9
Jacob Gilyard,2023,MEM,25,7,2,5,16.7,4.1,1.4,3.1,45.5,1.3,2.9,45,0,0,0,0.4,1.3,1.7,3.7,0.6,0.7,0.1,1,13.8,0,0,2.4
Kris Dunn,2023,UTA,29,8,2,6,12.7,4.1,1.6,4,40.6,0.4,1,37.5,0.5,0.8,66.7,0.4,1.9,2.3,2.5,1.3,0.6,0,1.6,11.2,0,0,-0.1
James Wiseman,2023,DET,22,4,0,4,9.5,4,2,4,50,0,0.3,0,0,0,0,1,1.8,2.8,0.3,0.8,0.3,0.5,2,9.2,0,0,-4
Moses Brown,2023,POR,24,1,0,1,5.5,4,2,3,66.7,0,0,0,0,2,0,2,1,3,1,0,0,1,1,12.1,0,0,-8
Otto Porter Jr.,2023,TOR,30,5,4,1,15.7,4,1.4,3.8,36.8,1,2.6,38.5,0.2,0.2,100,0.8,2.2,3,0.2,0,0.6,0.6,1.4,11.5,0,0,1.4
Tre Mann,2023,OKC,22,3,2,1,4,4,1.7,2.3,71.4,0.3,0.7,50,0.3,0.3,100,0.3,1,1.3,0.7,0.3,0,0,0,6.3,0,0,-4.3
Vince Williams Jr.,2023,MEM,23,3,0,3,8.9,4,0.7,2.3,28.6,0.3,2,16.7,2.3,2.7,87.5,0,1.3,1.3,1.3,0.7,0.3,1,1.3,10.9,0,0,8
Aaron Wiggins,2023,OKC,24,8,5,3,11.4,3.9,1.6,3.3,50,0.3,1.1,22.2,0.4,0.5,75,0.3,1.3,1.5,0.5,0.5,0.3,0.1,1.1,7.1,0,0,2.1
Dean Wade,2023,CLE,26,8,3,5,17.7,3.9,1.3,3.4,37,1.1,3.1,36,0.3,0.5,50,0.8,3.1,3.9,0.5,0.5,0.8,0.3,2.5,11.8,0,0,-0.1
Colby Jones,2023,SAC,21,5,1,4,10,3.8,1.6,3.4,47.1,0.2,0.8,25,0.4,0.4,100,1,1.4,2.4,0.4,0.6,0.2,0.2,1,7.9,0,0,-0.2
Larry Nance Jr.,2023,NOP,30,10,4,6,15.7,3.8,1.6,3.3,48.5,0.3,0.9,33.3,0.3,0.6,50,1.3,3.1,4.4,0.8,0.9,0.5,0.1,1.4,11.2,0,0,-3.6
Nassir Little,2023,PHX,23,5,2,3,11.7,3.8,1.2,2.8,42.9,0.6,2,30,0.8,0.8,100,0.2,1.2,1.4,0.2,0.4,1,0.2,1.6,9,0,0,-1.2
Craig Porter,2023,CLE,23,4,2,2,9.7,3.8,1.5,3.3,46.2,0,0.3,0,0.8,2,37.5,0.3,1,1.3,0.8,0.8,0.8,0.3,1.5,8.6,0,0,-6
Gradey Dick,2023,TOR,19,10,5,5,15.1,3.7,1.3,4.1,31.7,0.7,2.6,26.9,0.4,0.4,100,0.7,1.1,1.8,1,0.8,0.2,0,1.6,7.2,0,0,-3.5
Kira Lewis Jr.,2023,NOP,22,9,4,5,12.5,3.7,1.3,4.3,30.8,0.1,1.4,7.7,0.9,1,88.9,0.3,0.8,1.1,1.8,0.6,0.4,0.1,0.8,8.8,0,0,0.1
Trayce Jackson-Davis,2023,GSW,23,8,4,4,7.7,3.6,1.3,2.1,58.8,0,0,0,1.1,2,56.3,1.1,1,2.1,0.4,0.3,0.1,0.6,1.5,8.7,0,0,5.1
Anthony Gill,2023,WAS,31,5,1,4,7.1,3.6,1.2,2.6,46.2,0,0.2,0,1.2,1.6,75,0.6,0.8,1.4,0.6,0.4,0.2,0.6,0.6,8.2,0,0,9.2
Charles Bassey,2023,SAS,23,10,3,7,11.6,3.6,1.7,2.2,77.3,0,0.1,0,0.2,0.3,66.7,1.3,2.4,3.7,1,0.6,0.8,0.6,1.5,13.1,0,0,-3.5
Ousmane Dieng,2023,OKC,20,10,6,4,11.3,3.6,1.3,3.4,38.2,0.7,2.5,28,0.3,0.4,75,0.5,1.5,2,0.9,0.4,0.1,0,0.6,7.3,0,0,-2.8
John Konchar,2023,MEM,27,7,1,6,18,3.6,1.4,3.3,43.5,0.7,1.9,38.5,0,0,0,1,3.3,4.3,1.1,0.3,0.7,0.7,0.9,14.4,0,0,-1.9
Dereon Seabron,2023,NOP,23,4,1,3,12.6,3.5,1,3.3,30.8,0.3,0.5,50,1.3,1.5,83.3,0.3,1.5,1.8,1,0,0.3,0.3,1,8.6,0,0,6.8
Luka Garza,2023,MIN,24,2,1,1,3,3.5,1.5,2.5,60,0,0,0,0.5,1,50,0.5,1,1.5,0,0,0,0,1.5,5.3,0,0,-1
Moussa Diabate,2023,LAC,21,6,3,3,7.5,3.5,1.3,2.3,57.1,0,0,0,0.8,1,83.3,1.7,0.8,2.5,0.7,0.3,0.3,0,0.7,8.2,0,0,-0.7
Dante Exum,2023,DAL,28,9,7,2,7.9,3.4,1.4,3.1,46.4,0.3,0.7,50,0.2,0.4,50,0.3,1.4,1.8,1,0.1,0.3,0.2,0.9,8.6,0,0,2.3
Joe Harris,2023,DET,32,7,2,5,14,3.4,1.3,3.6,36,0.9,2.7,31.6,0,0,0,0.3,0.7,1,0.9,0.4,0.3,0,1.7,6.3,0,0,-2.1
Jake LaRavia,2023,MEM,22,5,0,5,12.2,3.4,1.4,4,35,0.4,2.4,16.7,0.2,0.4,50,0.6,1,1.6,0.4,0.4,0.2,0,1.6,6.1,0,0,-4.4
Maxi Kleber,2023,DAL,31,5,4,1,18.1,3.4,0.8,3.2,25,0.6,1.8,33.3,1.2,2,60,0.8,3.4,4.2,2,0.8,0.2,0.2,1.6,11.8,0,0,-0.6
Luke Kornet,2023,BOS,28,8,6,2,10.6,3.4,1.4,1.9,73.3,0,0,0,0.6,0.8,83.3,1.1,2.1,3.3,0.6,0.1,0.4,0.3,1,10,0,0,0.5
Stanley Umude,2023,DET,24,8,1,7,7.7,3.4,0.9,2,43.8,0.6,1.3,50,1,1.1,88.9,0,1.1,1.1,0.1,0.4,0.1,0.1,1.3,5.3,0,0,-1.8
Boban Marjanovic,2023,HOU,35,3,2,1,6.7,3.3,1.7,3,55.6,0,0.3,0,0,0.3,0,0.7,2,2.7,1,0,0,0.3,0.7,9,0,0,-1.7
Brandin Podziemski,2023,GSW,20,6,2,4,8.7,3.3,1.3,2.8,47.1,0.3,0.7,50,0.3,0.5,66.7,0.8,1.8,2.7,1.3,0.8,0.3,0,1.2,8.7,0,0,6.7
Collin Gillespie,2023,DEN,24,6,5,1,11.8,3.3,1.3,3,44.4,0.5,1.8,27.3,0.2,0.2,100,0,0.5,0.5,1.2,0.3,0.8,0,1.5,7.9,0,0,0.7
Jarace Walker,2023,IND,20,3,2,1,8.8,3.3,1.3,4,33.3,0,0.7,0,0.7,0.7,100,0.3,2,2.3,1.7,0,0.3,0.3,0.7,10.6,0,0,-1.3
Vasilije Micic,2023,OKC,29,3,1,2,10.8,3.3,1.3,3,44.4,0.7,1.7,40,0,0,0,0,0.3,0.3,2.3,1.3,0,0,0.7,5.9,0,0,-3
Zeke Nnaji,2023,DEN,22,10,8,2,10.8,3.3,1.3,2.6,50,0.1,0.5,20,0.6,1,60,0.8,1.6,2.4,0.5,0.4,0.2,0.5,1.1,8.6,0,0,-3.6
Dalano Banton,2023,BOS,24,4,4,0,6.9,3.3,1.3,2.3,55.6,0,0.5,0,0.8,0.8,100,0.8,0.8,1.5,0.5,0.3,0.3,0,0.8,6.3,0,0,-5.5
Luka Samanic,2023,UTA,23,4,0,4,4.1,3.3,1.3,2.5,50,0.5,1.3,40,0.3,0.3,100,0,1,1,0.3,0,0.3,0,0.3,5.6,0,0,1.5
AJ Griffin,2023,ATL,20,6,4,2,9.2,3.2,1.2,2.3,50,0.8,1.8,45.5,0,0,0,0.2,0.7,0.8,0.3,0.7,0.2,0,0.3,4.5,0,0,-7
Kenneth Lofton Jr.,2023,MEM,21,6,1,5,9,3.2,1.2,2.7,43.8,0.3,0.7,50,0.5,1.7,30,0.3,1.2,1.5,1.2,0.5,0.3,0.3,1.8,8.2,0,0,3.8
Max Christie,2023,LAL,20,6,2,4,17,3.2,1.2,4.3,26.9,0.2,1.7,10,0.7,0.8,80,0.3,3,3.3,0.7,0.7,0.3,0.2,1.5,9,0,0,-7.8
Robert Covington,2023,PHI,32,9,8,1,15.3,3.1,1,2.9,34.6,0.6,2.1,26.3,0.6,0.7,83.3,0.8,1.4,2.2,1,0.2,1.9,0.4,1.7,14.1,0,0,6.6
AJ Green,2023,MIL,24,4,1,3,9,3,1,2.5,40,0.8,2,37.5,0.3,0.3,100,0,1,1,1.5,0,0,0,1,6.5,0,0,7.3
Caleb Houstan,2023,ORL,20,4,2,2,6.3,3,1,2.3,44.4,0.8,2,37.5,0.3,0.3,100,0,0.8,0.8,0.3,0,0,0,0.3,4.3,0,0,2.3
Davis Bertans,2023,OKC,31,3,3,0,8.5,3,0.3,1.7,20,0.3,1.7,20,2,2,100,0,0.3,0.3,0.3,0,0.3,0,1,4.9,0,0,2.3
Emoni Bates,2023,CLE,19,3,1,2,10.1,3,1,3,33.3,0.7,2,33.3,0.3,0.7,50,0.3,1.7,2,0.3,0.3,0,0.3,0.3,6.6,0,0,-10
Lamar Stevens,2023,BOS,26,3,2,1,5.6,3,1.3,2.3,57.1,0.3,0.3,100,0,0,0,1.3,0.3,1.7,0.7,1,0.3,0,1,6,0,0,-1
Mike Muscala,2023,WAS,32,6,1,5,10.7,3,1,2.7,37.5,0.3,1.3,25,0.7,0.7,100,0.3,1.8,2.2,0.7,1,0.2,0.2,1.2,6.6,0,0,-7.8
Nate Hinton,2023,HOU,24,2,2,0,3.9,3,1,2,50,1,1,100,0,0,0,0,0,0,0,0,0,0,0.5,3,0,0,-5.5
TyTy Washington Jr.,2023,MIL,21,1,0,1,3.2,3,1,2,50,1,1,100,0,0,0,0,0,0,0,1,0,0,0,2,0,0,10
Furkan Korkmaz,2023,PHI,26,7,7,0,9.4,2.9,1,2.3,43.8,0.4,0.9,50,0.4,0.7,60,0.1,0.7,0.9,0.4,0.7,0.7,0,0.4,6,0,0,0.9
Kobe Brown,2023,LAC,23,6,3,3,8.7,2.8,1.2,2.3,50,0.5,1.3,37.5,0,0,0,0.3,1,1.3,0.3,0.2,0.2,0.2,1.3,5.8,0,0,2.3
Danuel House Jr.,2023,PHI,30,4,4,0,11.2,2.8,1,2,50,0.3,1,25,0.5,0.8,66.7,0.3,1,1.3,0.5,1,0.3,0.3,0.3,5.5,0,0,2.5
Jamal Cain,2023,MIA,24,3,1,2,9.9,2.7,1.3,3,44.4,0,1.3,0,0,0,0,1,1,2,0,0.3,1,0,0.7,7.7,0,0,-9.3
Nick Smith Jr.,2023,CHA,19,3,1,2,4.2,2.7,1,2.7,37.5,0.7,1.7,40,0,0,0,0,0.3,0.3,0.7,0.3,0.3,0,0,4.7,0,0,3.3
Omer Yurtseven,2023,UTA,25,6,1,5,5.2,2.7,1.2,1.7,70,0.2,0.5,33.3,0.2,0.3,50,0.5,1.3,1.8,0.5,0.2,0,0.2,1,6,0,0,1.8
Alex Len,2023,SAC,30,5,3,2,7.1,2.6,1,1.2,83.3,0,0.2,0,0.6,1.4,42.9,1.4,1.8,3.2,0.4,0.4,0.2,1,0.4,10.2,0,0,3.2
Jared Rhoden,2023,DET,24,5,0,5,5.9,2.6,1,1.8,55.6,0.2,0.8,25,0.4,0.4,100,0.2,0.6,0.8,0.6,0.4,0,0,0.8,4.1,0,0,3.2
Tristan Thompson,2023,CLE,32,7,3,4,9.8,2.6,1,1.4,70,0,0,0,0.6,1,57.1,1.1,1.7,2.9,0.7,0.9,0.1,0.4,1.1,7.9,0,0,-2.6
Joe Ingles,2023,ORL,36,9,5,4,18.8,2.6,0.8,3.4,22.6,0.6,2.3,23.8,0.4,0.6,80,0.6,2,2.6,3,0.8,0.9,0.1,1.4,12.3,0,0,5.2
Chris Livingston,2023,MIL,20,2,0,2,4.7,2.5,1,1,100,0.5,0.5,100,0,0,0,0,0,0,0.5,0,0,0,0,3.3,0,0,1
Jalen Pickett,2023,DEN,24,4,3,1,2.3,2.5,1,1.3,80,0.5,0.8,66.7,0,0,0,0,0.5,0.5,0,0,0,0,0.3,3.1,0,0,0.5
Jordan Miller,2023,LAC,23,2,2,0,3.4,2.5,1,1.5,66.7,0.5,0.5,100,0,0,0,0,0,0,0,0,0,0,1,2.5,0,0,-2.5
Leaky Black,2023,CHA,24,2,0,2,4.9,2.5,1,1.5,66.7,0.5,0.5,100,0,0,0,0,1,1,0.5,0,0,1,0.5,7.5,0,0,8.5
Blake Wesley,2023,SAS,20,3,0,3,5.9,2.3,1,2.7,37.5,0,0.3,0,0.3,0.7,50,0.3,0.3,0.7,1,0.3,0,0.3,0.7,5.3,0,0,-4.7
Cam Whitmore,2023,HOU,19,3,2,1,7.7,2.3,1,3,33.3,0,1,0,0.3,0.7,50,0,1,1,0.3,0.7,0.3,0,0.3,4.4,0,0,-8
Jordan Ford,2023,SAC,25,3,1,2,3.7,2.3,0.7,1.3,50,0.3,0.3,100,0.7,0.7,100,0,0.3,0.3,0.3,0,0,0,0,3.2,0,0,2.3
Patrick Beverley,2023,PHI,35,9,8,1,15.6,2.3,1,2.6,39.1,0.2,1.2,18.2,0.1,0.1,100,1.2,2,3.2,2.1,0.6,0.6,0.6,1.8,12.1,0,0,6.4
Oshae Brissett,2023,BOS,25,6,6,0,11.1,2.2,0.5,2.8,17.6,0.2,1.5,11.1,1,1.3,75,1,1.3,2.3,0.3,0.3,0.7,0,0.8,7.1,0,0,-1.3
Amari Bailey,2023,CHA,19,1,0,1,3.3,2,1,3,33.3,0,0,0,0,0,0,2,0,2,0,0,0,0,0,4.4,0,0,7
Caleb Martin,2023,MIA,28,1,1,0,19.5,2,1,7,14.3,0,3,0,0,0,0,1,2,3,1,0,1,0,1,10.1,0,0,-5
Colin Castleton,2023,LAL,23,2,0,2,9.3,2,1,2,50,0,0,0,0,0,0,1,0.5,1.5,1,0,0,0,2.5,5.3,0,0,-5.5
Daniel Theis,2023,IND,31,1,1,0,8.4,2,1,4,25,0,1,0,0,0,0,0,0,0,0,0,0,0,1,2,0,0,0
Devonte' Graham,2023,SAS,28,1,0,1,12,2,0,2,0,0,1,0,2,2,100,1,0,1,1,0,2,1,0,13.7,0,0,-9
Dominick Barlow,2023,SAS,20,3,0,3,5.2,2,0.7,1.7,40,0,0,0,0.7,1.3,50,0,0.3,0.3,0,0,0,0,0.3,2.4,0,0,-3.7
Garrett Temple,2023,TOR,37,3,1,2,3,2,0.7,1,66.7,0,0,0,0.7,0.7,100,0,0.3,0.3,0,0,0.3,0,0,3.4,0,0,1
Jermaine Samuels Jr.,2023,HOU,25,3,2,1,6.6,2,0.7,1,66.7,0,0.3,0,0.7,0.7,100,0.3,0.7,1,0,0,0,0.3,1,4.2,0,0,-7.3
Jock Landale,2023,HOU,28,7,6,1,11,2,0.7,2.6,27.8,0.3,1.3,22.2,0.3,0.3,100,1.1,1.1,2.3,1,0.7,0.4,0.3,0.9,7.7,0,0,-0.3
Justin Holiday,2023,DEN,34,3,2,1,5.7,2,0.7,1.3,50,0.7,1.3,50,0,0,0,0,1.3,1.3,0,0,0,0,0.3,3.6,0,0,1.3
KJ Martin,2023,PHI,22,5,5,0,7.8,2,0.8,2.2,36.4,0.2,1,20,0.2,0.4,50,0.2,0.6,0.8,0.4,0.6,0.4,0.2,1,4.8,0,0,-3.4
Richaun Holmes,2023,DAL,30,2,1,1,5.4,2,1,1.5,66.7,0,0,0,0,0,0,1,1,2,0.5,0.5,0,0,1.5,4.7,0,0,-3.5
Robin Lopez,2023,MIL,35,1,0,1,5.6,2,0,0,0,0,0,0,2,2,100,0,0,0,1,1,0,0,0,2.5,0,0,10
Saben Lee,2023,PHX,24,3,2,1,3.5,2,1,2,50,0,0.3,0,0,0,0,0.7,0.3,1,1,0,0,0.3,0.3,5.7,0,0,-2
Sam Merrill,2023,CLE,27,3,1,2,7,2,0.7,2,33.3,0.7,1.7,40,0,0,0,0.3,0.7,1,1,0.3,0.7,0,0,6.4,0,0,-0.7
Seth Curry,2023,DAL,33,7,6,1,8.3,2,0.7,2.3,31.3,0.3,1.1,25,0.3,0.4,66.7,0.4,0.6,1,0.6,0.4,0.3,0.1,0.6,4.9,0,0,0.7
Thaddeus Young,2023,TOR,35,2,0,2,3.2,2,1,1.5,66.7,0,0,0,0,1,0,0.5,0.5,1,1.5,0,0,0,0,5.5,0,0,3.5
Troy Brown Jr.,2023,MIN,24,6,5,1,5.8,2,0.5,1.5,33.3,0,0.7,0,1,1,100,0.2,1.5,1.7,0.3,0.5,0.2,0,0.2,4.5,0,0,-1.5
Ty Jerome,2023,CLE,26,2,1,1,7.4,2,1,2,50,0,0.5,0,0,0,0,0.5,0,0.5,1.5,0.5,0,0,1,4.4,0,0,-7
Andre Jackson Jr.,2023,MIL,22,6,2,4,8.1,1.8,0.8,1.5,55.6,0.2,0.8,20,0,0,0,0.7,1.2,1.8,0.7,0.5,0.5,0,2,6,0,0,3.3
Julian Champagnie,2023,SAS,22,5,1,4,7.3,1.8,0.8,3.6,22.2,0.2,2,10,0,0,0,0,0.8,0.8,0,0.6,0.2,0.6,0,4.6,0,0,-6
Bryce McGowens,2023,CHA,21,4,1,3,14.1,1.8,0.5,1.8,28.6,0,1,0,0.8,1,75,0,1.8,1.8,0.5,0.8,0.5,0,1.3,5.4,0,0,-3.5
DaQuan Jeffries,2023,NYK,26,4,3,1,3.1,1.8,0.8,1.3,60,0.3,0.8,33.3,0,0,0,0,0.5,0.5,0.3,0.3,0,0,0.3,2.5,0,0,-1
Dalen Terry,2023,CHI,21,4,1,3,2.8,1.8,0.8,2,37.5,0.3,1,25,0,0.5,0,0,1,1,0.8,0.3,0,0,0.3,3.8,0,0,-1.5
P.J. Tucker,2023,LAC,38,8,2,6,17.3,1.8,0.5,1.8,28.6,0.4,1.4,27.3,0.4,0.4,100,1.4,2.3,3.6,0.5,0.3,0.8,0.4,2.5,10,0,0,-0.3
Olivier-Maxence Prosper,2023,DAL,21,3,2,1,4.1,1.7,0.3,1.7,20,0,0.7,0,1,1.3,75,0.3,0,0.3,0,0,0,0,1,2.1,0,0,-7.3
Sandro Mamukelashvili,2023,SAS,24,3,0,3,6.3,1.7,0.7,1.7,40,0,1,0,0.3,0.7,50,1.3,1,2.3,0.3,0,0.3,0,0.7,6,0,0,-6.3
Jaxson Hayes,2023,LAL,23,8,5,3,8.3,1.6,0.6,1.4,45.5,0,0,0,0.4,0.8,50,0.3,1.1,1.4,0.4,0.8,0.1,0.3,1.9,4.2,0,0,-3
Amir Coffey,2023,LAC,26,5,3,2,7.4,1.6,0.4,1.6,25,0,0.4,0,0.8,0.8,100,0,0.6,0.6,0.4,0.4,0,0,0.4,2.5,0,0,1.8
Josh Minott,2023,MIN,20,5,4,1,2.7,1.6,0.6,1.2,50,0,0.4,0,0.4,0.6,66.7,0,0,0,0.2,0,0,0.2,0.4,2.5,0,0,-0.4
Svi Mykhailiuk,2023,BOS,26,5,4,1,6.6,1.6,0.6,2.2,27.3,0.4,1.8,22.2,0,0,0,0,0.8,0.8,0.2,0.6,0.2,0,0.2,2.9,0,0,0.8
Miles McBride,2023,NYK,23,7,3,4,3.7,1.6,0.6,1.6,36.4,0.3,1.3,22.2,0.1,0.3,50,0,0.3,0.3,0.3,0,0.4,0,0.3,3.6,0,0,-1.9
D'Moi Hodge,2023,LAL,24,2,0,2,7.3,1.5,0.5,2.5,20,0,2,0,0.5,1,50,0,0,0,0.5,0.5,0,0.5,1,3.3,0,0,-3.5
Jared Butler,2023,WAS,23,2,0,2,4.5,1.5,0.5,2,25,0.5,1.5,33.3,0,0,0,0,0,0,0.5,0.5,0,0,0,1.8,0,0,3
Marcus Morris Sr.,2023,PHI,34,2,2,0,6.2,1.5,0.5,1,50,0,0,0,0.5,0.5,100,0,1,1,0,0,0,0.5,1,4.2,0,0,-1.5
Olivier Sarr,2023,OKC,24,4,2,2,11,1.5,0.3,0.3,100,0,0,0,1,1.5,66.7,0.8,3.8,4.5,0.3,0.5,0,1.3,1.5,10.5,0,0,2.3
E.J. Liddell,2023,NOP,22,3,1,2,2.9,1.3,0.3,1.3,25,0,1,0,0.7,0.7,100,0,0.7,0.7,0,0.3,0,0.3,0.3,2.8,0,0,-1.7
Ish Smith,2023,CHA,35,3,0,3,10.3,1.3,0.7,1.3,50,0,0,0,0,0,0,0.3,1.7,2,0.7,1,1,0,1.3,6.7,0,0,-7
Jaden Springer,2023,PHI,21,6,5,1,8.1,1.3,0.5,2.3,21.4,0,0.5,0,0.3,0.7,50,0.7,0.7,1.3,0.8,0.7,0.2,0.7,1.5,6,0,0,-1.8
Reggie Bullock Jr.,2023,HOU,32,5,2,3,10.4,1.2,0.4,1.6,25,0.4,1.4,28.6,0,0,0,0,1.4,1.4,0.6,0.4,0.2,0.2,0.8,4.6,0,0,-4.6
Damian Jones,2023,CLE,28,6,3,3,5.7,1.2,0.5,0.5,100,0,0,0,0.2,0.3,50,0.3,0.8,1.2,0.3,0.3,0,0.2,0.5,3.2,0,0,-1.5
Cody Zeller,2023,NOP,31,7,2,5,6.8,1.1,0.3,1.3,22.2,0,0,0,0.6,1.1,50,0.9,1.6,2.4,1.1,0.1,0.1,0,0.7,6.1,0,0,0.1
Chimezie Metu,2023,PHX,26,4,2,2,2.5,1,0.3,1,25,0,0.5,0,0.5,0.5,100,0,0.5,0.5,0.3,0.3,0,0.3,0,2.5,0,0,-1.3
DeAndre Jordan,2023,DEN,35,1,1,0,12.3,1,0,0,0,0,0,0,1,2,50,1,0,1,1,1,0,0,2,2.7,0,0,-10
Dylan Windler,2023,NYK,27,3,2,1,2.5,1,0.3,0.7,50,0.3,0.7,50,0,0,0,0,0.3,0.3,0.3,0,0,0,0.3,1.9,0,0,2.7
Jordan McLaughlin,2023,MIN,27,5,4,1,3.8,1,0.2,0.8,25,0.2,0.4,50,0.4,0.4,100,0,0,0,1,0,0,0.4,0.4,3.7,0,0,2
Taylor Hendricks,2023,UTA,19,1,0,1,2.4,1,0,0,0,0,0,0,1,2,50,0,1,1,0,0,0,0,0,2.2,0,0,2
Udoka Azubuike,2023,PHX,24,2,2,0,4.3,1,0.5,0.5,100,0,0,0,0,0,0,0,2,2,0,0,0,0,0.5,3.4,0,0,-4.5
Cory Joseph,2023,GSW,32,4,1,3,3.3,0.8,0.3,0.8,33.3,0.3,0.8,33.3,0,0,0,0.3,0.3,0.5,0.8,0.5,0.3,0,0.8,2.7,0,0,-0.8
Bol Bol,2023,PHX,23,3,3,0,2.2,0.7,0.3,0.3,100,0,0,0,0,0,0,0,0.3,0.3,0,0.7,0,0.3,0,1.4,0,0,-3
Daishen Nix,2023,MIN,21,3,2,1,2.4,0.7,0.3,0.3,100,0,0,0,0,0,0,0,0,0,0,0,0.3,0,0,1.7,0,0,1.3
Jett Howard,2023,ORL,20,3,2,1,3.9,0.7,0.3,1.3,25,0,0.7,0,0,0,0,0.3,0.3,0.7,0.3,0,0,0,0,2,0,0,3.7
Kessler Edwards,2023,SAC,23,6,4,2,5.7,0.7,0.2,1,16.7,0.2,0.7,25,0.2,0.3,50,0,0.8,0.8,0.5,0.2,0.2,0.2,0.8,3.3,0,0,1.3
Terry Taylor,2023,CHI,24,3,1,2,2.1,0.7,0.3,0.3,100,0,0,0,0,0,0,0,0.3,0.3,0,0,0,0,0,1.1,0,0,-2.3
Thanasis Antetokounmpo,2023,MIL,31,3,0,3,7,0.7,0.3,0.7,50,0,0,0,0,0,0,0,0,0,1.3,1.3,0.3,0.3,1.3,3.3,0,0,8
Jalen McDaniels,2023,TOR,25,8,3,5,8.7,0.6,0.3,2.1,11.8,0.1,1.4,9.1,0,0,0,0.1,0.9,1,0.5,0.1,0.3,0.1,0.8,3.6,0,0,-5.1
Jericho Sims,2023,NYK,25,5,3,2,3.3,0.6,0.2,0.4,50,0,0,0,0.2,0.6,33.3,0.2,1.4,1.6,0.2,0,0,0,0.2,2.8,0,0,0.4
Braxton Key,2023,DEN,26,4,3,1,2.6,0.5,0.3,1,25,0,0.3,0,0,0,0,0,0.3,0.3,0.8,0,0,0,0.5,1.9,0,0,0.8
Chuma Okeke,2023,ORL,25,4,2,2,3.4,0.5,0.3,1,25,0,0.8,0,0,0,0,0.8,0.8,1.5,0.3,0.3,0,0,0,2.4,0,0,2.5
Hunter Tyson,2023,DEN,23,4,3,1,2.7,0.5,0.3,0.8,33.3,0,0.5,0,0,0,0,0,0.8,0.8,0,0,0,0,1,1.4,0,0,0
Kobe Bufkin,2023,ATL,20,2,2,0,2.2,0.5,0,1.5,0,0,0.5,0,0.5,1,50,0.5,0.5,1,0,0,0,0,0,1.7,0,0,-7
Mo Bamba,2023,PHI,25,4,4,0,2.3,0.5,0,0.5,0,0,0,0,0.5,0.5,100,0.5,1,1.5,0,0.8,0,0.5,0.8,3.1,0,0,-3.3
Aleksej Pokusevski,2023,OKC,21,3,2,1,6,0.3,0,1.3,0,0,1.3,0,0.3,0.7,50,0,1,1,0,1,0,0.3,1,1.5,0,0,-6.3
Alex Fudge,2023,LAL,20,1,0,1,4.1,0,0,1,0,0,0,0,0,0,0,0,0,0,0,0,0,0,0,0,0,0,-3
Brice Sensabaugh,2023,UTA,20,1,0,1,2.4,0,0,2,0,0,0,0,0,0,0,1,1,2,0,0,0,0,0,2.4,0,0,2
Bruno Fernando,2023,ATL,25,3,3,0,2.4,0,0,0.3,0,0,0.3,0,0,0,0,0,0,0,0,0.7,0,0,0.7,-0.7,0,0,-1.3
Danny Green,2023,PHI,36,2,1,1,9.2,0,0,1,0,0,0.5,0,0,0,0,0,1,1,0.5,0,0.5,0,0.5,3.5,0,0,0
Filip Petrusev,2023,SAC,23,1,1,0,2.7,0,0,0,0,0,0,0,0,0,0,0,1,1,0,0,0,0,0,1.2,0,0,3
GG Jackson,2023,MEM,18,1,0,1,0.6,0,0,0,0,0,0,0,0,0,0,0,0,0,0,0,0,0,0,0,0,0,0
Garrison Mathews,2023,ATL,27,2,1,1,3.9,0,0,1,0,0,1,0,0,0,0,0,0.5,0.5,0,0,0,0,0.5,0.6,0,0,-5.5
Isaiah Mobley,2023,CLE,24,1,0,1,0.9,0,0,0,0,0,0,0,0,0,0,0,1,1,0,0,0,0,1,1.2,0,0,-3
Jalen Wilson,2023,BKN,23,2,1,1,3.3,0,0,0.5,0,0,0,0,0,0,0,0,0.5,0.5,0,0,0,0.5,0,2.1,0,0,-1
Jerome Robinson,2023,GSW,26,1,1,0,4.7,0,0,2,0,0,0,0,0,0,0,1,1,2,0,0,0,0,0,2.4,0,0,0
Julian Phillips,2023,CHI,20,4,1,3,2.5,0,0,0.3,0,0,0.3,0,0,0,0,0,0.3,0.3,0,0,0,0,0,0.3,0,0,-1.5
Justin Minaya,2023,POR,24,1,0,1,7.6,0,0,0,0,0,0,0,0,0,0,1,1,2,0,1,0,0,1,1.4,0,0,-4
Kaiser Gates,2023,NOP,27,1,0,1,7.4,0,0,4,0,0,2,0,0,0,0,0,1,1,0,0,0,0,0,1.2,0,0,-2
Keyontae Johnson,2023,OKC,23,1,0,1,5.5,0,0,1,0,0,0,0,0,0,0,0,0,0,0,0,0,0,0,0,0,0,-2
Kris Murray,2023,POR,23,4,0,4,5.8,0,0,0.5,0,0,0.3,0,0,0,0,0,0.3,0.3,0,0,0.3,0.3,0.8,1.8,0,0,0.8
Leonard Miller,2023,MIN,19,1,1,0,1.9,0,0,1,0,0,0,0,0,0,0,0,1,1,0,0,0,0,0,1.2,0,0,-7
Lindy Waters III,2023,OKC,26,4,2,2,5.9,0,0,0.8,0,0,0.8,0,0,0,0,0,0,0,0.5,0,0,0,0.3,0.8,0,0,2
Malcolm Cazalon,2023,DET,22,1,0,1,2.6,0,0,0,0,0,0,0,0,0,0,0,0,0,0,0,0,0,0,0,0,0,5
Markieff Morris,2023,DAL,34,1,1,0,3.8,0,0,2,0,0,2,0,0,0,0,0,1,1,0,0,0,0,0,1.2,0,0,-8
Maxwell Lewis,2023,LAL,21,3,0,3,4.4,0,0,0.7,0,0,0,0,0,0,0,0,0.3,0.3,0,0.3,0,0,0,0.1,0,0,-2.7
Mouhamed Gueye,2023,ATL,21,2,2,0,2.2,0,0,0.5,0,0,0.5,0,0,0,0,0,0,0,0,0,0.5,0,0.5,1.5,0,0,-6.5
Onuralp Bitim,2023,CHI,24,1,0,1,3.2,0,0,0,0,0,0,0,0,0,0,0,0,0,0,0,0,0,0,0,0,0,-2
Patrick Baldwin Jr.,2023,WAS,20,2,0,2,4.5,0,0,1,0,0,0.5,0,0,0,0,0,0,0,0.5,0,0,0,0,0.8,0,0,3
R.J. Hampton,2023,MIA,22,1,0,1,2,0,0,1,0,0,0,0,0,0,0,0,0,0,0,0,0,0,0,0,0,0,7
Rayan Rupert,2023,POR,19,2,0,2,3.2,0,0,0.5,0,0,0.5,0,0,0,0,0,0,0,0,0,0,0,0,0,0,0,-2
Ryan Arcidiacono,2023,NYK,29,3,3,0,2.1,0,0,0.3,0,0,0.3,0,0,0,0,0,0.3,0.3,0,0,0,0,0,0.4,0,0,-1.7
Trent Forrest,2023,ATL,25,1,1,0,4.7,0,0,0,0,0,0,0,0,0,0,0,0,0,1,0,0,0,1,1.5,0,0,-7